NA,Bajaj Almond Drops Hair Oil | 6X Vitamin E Nourishment | Non-Sticky Hair Oil For Hair Fall Control | 650ml,₹5599.00,4.3 out of 5 stars
NA,Bajaj Almond Drops Hair Oil | 6X Vitamin E Nourishment | Non-Sticky Hair Oil For Hair Fall Control | 650ml,₹326,4.3 out of 5 stars
NA,Bajaj Rex 500W Mixer Grinder with Nutri-Pro Feature 3 Jars White,₹2197,4.2 out of 5 stars
NA,Bajaj Esteem 400 MM Oscillating Pedestal Fan for Home|Stand Fan with Tilt Mechanism| Voltage Protection| 100% CopperMotor| HighAir Delivery| 3-Speed Control| Telescopic Arrangement|2-Yr Warranty|White,₹2497,3.8 out of 5 stars
NA,Bajaj Pygmy Go 178 mm Blue Personal Fan,₹1497,4.1 out of 5 stars
NA,Bajaj Pygmy Go 178 mm Blue Personal Fan,₹1497,4.1 out of 5 stars
NA,Bajaj Rapido HS 400mm Grey&Yellow Pedestal Fan,₹3037,4.0 out of 5 stars
NA,Bajaj AirLight 85 mm Personal Rechargeable Fan with Task lighting |8 W Table Fan| 360-Degree Table Lamp| 3-6 Hours* Battery Backup| Silent Operation| USB Charging Fan| 1-Yr Warranty White,₹1297,4.8 out of 5 stars
NA,Bajaj Skive 5L Instant Water Heater for home|High Grade SS Tank|Multiple Safety System|Suitable for HighRise|Shock Resistant| Rust Proof Outer,₹3999,4.7 out of 5 stars
NA,Bajaj Frore Neo 400 MM Wall Mount Fan|Wall Fan for Kitchen & Home| Smooth Oscillation|100% CopperMotor| HighAir Delivery|3-Speed Control| Rust Free| 2-Yr Warranty Blue,₹2297,4.4 out of 5 stars
NA,Bajaj Frore Neo Table Fan 400 MM | Table fans for Home & Office |Aerodynamically Balanced Blades| 100% CopperMotor| HighAir Delivery|3-Speed Control| 2-Yr Warranty Blue,₹1879.97,1.0 out of 5 stars
NA,Bajaj Frore Neo 400 MM Oscillating Pedestal Fan for Home|Aerodynamically Balanced Blades| 100% CopperMotor| HighAir Delivery|3-Speed Control| Rust Free|2-Yr Warranty White,₹2747,2.1 out of 5 stars
NA,Bajaj Frore Neo Table Fan 400 MM | Table fans for Home & Office |Aerodynamically Balanced Blades| 100% CopperMotor| HighAir Delivery|3-Speed Control| 2-Yr Warranty Red,₹1997,3.8 out of 5 stars
NA,Bajaj GX 1 Mixer Grinder500W Titan Motor3 Jars2 in 1 Function BladeBlack,₹2277,4.0 out of 5 stars
NA,Bajaj New Shakti Neo 10L Vertical Storage Water Heater (Geyser 10 Litres) 4 Star BEE Rated Heater For Water Heating with Titanium Armour Swirl Flow Technology Glasslined Tank(White) 1 Yr Warranty,₹5599,4.2 out of 5 stars
NA,Bajaj RCX 1.8 DLX Rice Cooker 1.8 Litre  White,₹1897,3.7 out of 5 stars
NA,Bajaj Almond Drops Hair Oil | 6X Vitamin E Nourishment | Non-Sticky Hair Oil For Hair Fall Control | 475ml,₹237,4.3 out of 5 stars
NA,Bajaj Splendora 3 Litre 3KW IWH Instant Water Heater (Geyser) White,₹2799,4.1 out of 5 stars
NA,Bajaj LEDZ 8.5W Rechargeable Emergency Inverter LED Bulb Cool Day Light White Upto 4 Hours Battery,₹475,3.9 out of 5 stars
NA,Bajaj 100% Pure Coconut Oil 600 ml,₹150,4.3 out of 5 stars
NA,Bajaj DHX-9 1000W Heavy Weight Dry Iron with Advance Soleplate and Anti-Bacterial German Coating Technology Ivory,₹1097,4.2 out of 5 stars
NA,Bajaj DX-6 1000W Dry Iron with Advance Soleplate and Anti-bacterial German Coating Technology White,₹623,4.1 out of 5 stars
NA,Bajaj NX-01 Powerful 300W Mixer Grinder Blender Juicer and Smoothie Maker with Sipper and Store Lids 3 Jars Black Regular,₹2097,3.4 out of 5 stars
NA,Bajaj KTX 1.2 Litre DLX Electric Kettle |1500W Kettle with Stainless Steel Body | Cordless Operation | Auto Shut-off Mechanism | 2-Yr Warranty |Black,₹747,3.9 out of 5 stars
NA,Bajaj Neo JX4 450-Watt Juicer Mixer Grinder with 2 Jars (White/Orange),₹2790,3.9 out of 5 stars
NA,Bajaj Majesty ICX Neo 1600W Induction Cooktop with Pan sensor and Voltage Pro Technology Black,₹2447,4.1 out of 5 stars
NA,Bajaj ABS Majesty Slim 2100-Watt Induction Cooktop (Black),₹3247,4.2 out of 5 stars
NA,BAJAJ PYGMY MINI 110 MM 10 W HIGH SPEED OPERATION USB CHARGING MULTI-CLIP FUNCTION PERSONAL FAN,₹1080,4.1 out of 5 stars
NA,Bajaj DX-2 600W Dry Iron with Advance Soleplate and Anti-Bacterial German Coating Technology Grey,₹497,4.1 out of 5 stars
NA,Bajaj Immersion Rod Water Heater 1500 Watts Silver,₹547,4.1 out of 5 stars
NA,Bajaj Majesty DX-11 1000W Dry Iron with Advance Soleplate and Anti-bacterial German Coating Technology White and Blue,₹573,4.2 out of 5 stars
NA,Bajaj New Shakti Neo 15L Vertical Storage Water Heater Geyser 4 Star BEE Rated Heater For Water Heating with Titanium Armour Swirl Flow Technology Glasslined Tank White 1 Yr Warranty Wall Mounting,₹6080,4.1 out of 5 stars
NA,Bajaj GX-3701 750W Mixer Grinder with Nutri-Pro Feature 3 Jars Black,₹3697,4.2 out of 5 stars
NA,Bajaj PYGMY MINI 110 MM PERSONAL FAN - WHITE SMOKE small,₹1045,4.2 out of 5 stars
NA,Bajaj Almond Drops Almond + Argan Hair Oil - 200Ml | Provides 3-Way Damage Protection | For Soft And Shiny Hair | Non-Sticky Formula | With Almond Oil & Argan Oil,₹233,4.2 out of 5 stars
NA,Bajaj Almond Drops Hair Oil | 6X Vitamin E Nourishment | Non-Sticky Hair Oil For Hair Fall Control | 190ml,₹138,4.3 out of 5 stars
NA,Bajaj Splendid 1200W Induction Cooktop with Pan Sensor and Voltage Pro Technology Black,₹2219,3.9 out of 5 stars
NA,Bajaj Popular Light Weight 1000W Dry Iron with Advance Soleplate and Anti-Bacterial German Coating Technology White,₹619,4.2 out of 5 stars
NA,Bajaj Majesty Icx-3 1400W Induction Cooktop with Pan Sensor and Voltage Pro Technology Black Open 1 Burner,₹2589,3.8 out of 5 stars
NA,Bajaj Majesty ICX Pearl 1900W Induction Cooktop with Pan sensor and Voltage Pro Technology Black,₹2597,4.1 out of 5 stars
NA,Bajaj DX-2 600W Dry Iron with Advance Soleplate and Anti-bacterial German Coating Technology Black,₹497,4.1 out of 5 stars
NA,Bajaj Coco Onion Hair Oil- Non Sticky Hair Oil For 2X Faster Hair Growth* -350Ml,₹180,4.0 out of 5 stars
NA,Bajaj DX-7 1000W Dry Iron with Advance Soleplate and Anti-bacterial German Coating Technology White,₹777,4.2 out of 5 stars
NA,Bajaj Flashy 1000 Watts Radiant Room Heater (Steel),₹847,4.1 out of 5 stars
NA,Bajaj Rex 750W Mixer Grinder with Nutri Pro Feature 4 Jars White,₹3247,4.0 out of 5 stars
NA,Bajaj LEDZ 12W Rechargeable Emergency Inverter LED Bulb Cool Day Light White Upto 4 Hours Battery,₹389,3.9 out of 5 stars
NA,Bajaj 100% Pure Olive Oil Virgin & Cold Pressed Oil for Hair & Skin Prevents Hair Loss Oil for Unisex 200ml Yellow,₹244,4.0 out of 5 stars
NA,Bajaj ATX 4 750-Watt 2-Slice Pop-up Toaster | Dust Cover & Slide Out Crumb Tray | 6-Level Browning Controls | Mid-Cycle Cancel Feature | 2-Yr Warranty by Bajaj | White Electric Toaster,₹1447,4.3 out of 5 stars
NA,Bajaj 830427 B22 Ivora Plus Linear Cool Day LED Light (Pack of 3 White 10W),₹631,4.3 out of 5 stars
NA,Bajaj DX 7 NEO Dry Iron (White/Levender) 1000 Watt,₹944,4.2 out of 5 stars
NA,Bajaj HM-01 250W Hand Blender | 250 Watts Powerful DC Motor | 3-Speed Control | Hand Mixer with Stainless Steel Accessories & Attachments | 2-Yr Warranty | Black,₹1497,4.4 out of 5 stars
NA,Bajaj Pluto 500W Mixer Grinder with 2 in 1 Function Blade 3 Jars White,₹2349,4.0 out of 5 stars
NA,Bajaj SWX 4 Deluxe 800-Watt 2-Slice Grill Sandwich Maker | Non-Stick Coated Plates for Easy-to-Clean | Upright Compact Storage | Buckle Clips Lock | 2-Yr Warranty by Bajaj | Black Sandwich Toaster,₹1246,4.0 out of 5 stars
NA,Bajaj Frore 1200 mm Ceiling Fan (White),₹1800,4.0 out of 5 stars
NA,Bajaj MX 3 Neo Steam Iron| 1250W Power for Faster Ironing| Vertical & Horizontal Ironing| Spray Function| Anti-bacterial & Non-Stick SolePlate Coating| 2-Yr Warranty| Blue White,₹1047,3.6 out of 5 stars
NA,Bajaj Magnifique 2000W Induction Cooktop with Insect Protection & Pan Sensor Technology | 7-Auto Cook Indian Menus | Polished Glass with Premium Dual Tone | Touch Buttons | Black & Gold Electric Stove,₹2997,4.1 out of 5 stars
NA,Bajaj PYGMY 178mm White Personal Fan Regular,₹1599,3.9 out of 5 stars
NA,Bajaj GX-8 750W Mixer Grinder with Nutri Pro Feature 3 Jars White,₹3097,4.2 out of 5 stars
NA,Bajaj RHX-2 800-Watt Room Heater (White),₹5599.00,3.9 out of 5 stars
NA,Bajaj RHX-2 800-Watt Room Heater (White),₹1197,3.9 out of 5 stars
NA,Bajaj Energos 12DC5R 1200mm Silent BLDC Ceiling Fan|5-StarRated Energy Efficient Ceiling Fans for Home|Remote Control|Upto 65% Energy Saving-26W|High Speed|Silent Operation| 5-Yr Warranty Red,₹2497,3.6 out of 5 stars
NA,Bajaj Herculo 1000W Powerful Mixer Grinder with Nutri-Pro Feature 3 Jars Coffee Brown and Gold,₹5497,3.9 out of 5 stars
NA,Bajaj 20W Cool Day Light LED Tubelight Pack of 2 (830412-Pk2),NA,3.9 out of 5 stars
NA,Bajaj 100% Pure Castor Oil | Virgin & Cold Pressed Oil For Hair & Skin | Lustrous Shiny Hair & Moisturized Skin | 200 Ml,₹181,4.3 out of 5 stars
NA,Bajaj Popular Plus 750W Dry Iron with Advance Soleplate and Anti-Bacterial German Coating Technology White,₹547,4.1 out of 5 stars
NA,Bajaj Esteem Table Fan 400 MM | Table Fans for Home & Office | Low Power Consumption | 100% Copper Motor | Voltage Protection | High Air Delivery | High RPM | 3-Speed Control | 2-Yr Warranty | White,₹1877,3.7 out of 5 stars
NA,Bajaj 100% Pure Coconut Oil 600ml Wide Mouth Jar,₹135,4.2 out of 5 stars
NA,Bajaj HB-20 Silent 300W Hand Blender Green,₹1249,3.8 out of 5 stars
NA,Bajaj Nomarks Ayurveda Cream for Normal Skin25gm,₹107,4.0 out of 5 stars
NA,Bajaj 9W WiFi Smart LED Bulb (16 Million Colors) (Compatible with Amazon and Google Alexa B22D),₹529,3.6 out of 5 stars
NA,Bajaj Bahar Fresh 225 mm Air Fan (Mettalic Grey),₹1247,3.7 out of 5 stars
NA,Bajaj Glory 500-Watt Mixer Grinder with 3 Jars (White),₹2529,4.1 out of 5 stars
NA,Bajaj Edge HS Deco Plus Ceiling Fan 1200 mm Opal White,₹2299,4.2 out of 5 stars
NA,Bajaj Regal Gold 4 Blade 1200 mm Ceiling Fan (Ivory),₹2697,4.0 out of 5 stars
NA,Bajaj New Shakti Neo 25L Vertical Storage Water Heater (Geyser 25 Litres) 4 Star BEE Rated Heater For Water Heating with Titanium Armour Swirl Flow Technology Glasslined Tank(White) 1 Yr Warranty,₹6499,4.1 out of 5 stars
NA,Bajaj Classic Mixer Grinder 750W 3 Jars (White and Maroon),₹3765,4.1 out of 5 stars
NA,Bajaj Blow Hot 2000 Watts Fan Heater – (White/Black),₹1910,3.9 out of 5 stars
NA,Bajaj Waterproof 1500 Watts Immersion Rod Heater,₹667,4.1 out of 5 stars
NA,Bajaj Ivora 800W Mixer Grinder with Anti-Bacterial Coating and Nutri-Pro Feature 3 Jars Crimson Red,₹4297,4.1 out of 5 stars
NA,Bajaj Rcx 1.8L Dlx Rice Cooker 1.8 Liter White,₹1999,3.2 out of 5 stars
NA,Bajaj UCX 2 Burner Slim Glass Top Gas Stove|Slim Frame Glass Cooktop| 2-Brass Burners| 360 degree Swivel Nozzle| Stainless Steel Drip Tray| Black,₹2297,4.1 out of 5 stars
NA,BAJAJ 1.5KG Heavy Weight Instant Heat Gold Plate Coated Non Stick 1000 W Dry Iron (White),₹1407,3.2 out of 5 stars
NA,Bajaj Majesty Canvas Brown 1000 Watts Dry Iron,₹995,4.1 out of 5 stars
NA,Bajaj Stainless Steel 1.2 Liters Electric Kettle (Black)1300 Watts,₹1299,4.0 out of 5 stars
NA,Bajaj Maxima 600 mm Ceiling Fan (Brown),₹1567,4.1 out of 5 stars
NA,Bajaj 800 ml Chop Pro Chopper with Whisking Blade (Black Small 300 Watts),₹1608,3.6 out of 5 stars
NA,Bajaj Majesty One 1000-Watt Dry Iron (Red/Black),₹1185,3.8 out of 5 stars
NA,Bajaj Junet AVAB 1200 mm Full Aluminium Body Ceiling Fan With Anti-Bacterial Coating (Black Currant and Rose Copper) Regular,₹2564.22,5.0 out of 5 stars
NA,Bajaj HB 16 Hand Blender 300W DC Motor (White),₹1774,3.9 out of 5 stars
NA,Bajaj Herculo 1100 Watts Dry Iron Black & Grey (440315),₹1400,4.1 out of 5 stars
NA,Bajaj Grace BBD Plus Ceiling Fan 1200mm Timber Golden (251128),₹2217,3.7 out of 5 stars
NA,Bajaj Almond Drops Almond + Argan Hair Oil - 100ml | Provides 3-way Damage Protection | For Soft and Shiny Hair | Non-sticky Formula | with Almond Oil & Argan Oil,₹125,4.2 out of 5 stars
NA,New - BAJAJ VACCO® Electric Coil HOT Plate 2000 WATT Stainless Steel Body W/Reg (Fitted With ISI Marked 'Theeta’ Coil Element),₹2021,4.1 out of 5 stars
NA,Bajaj Ultima Neo PT-01 200 mm Table Fan - Blue,₹1424,2.9 out of 5 stars
NA,Bajaj Acrylonitrile Butadiene Styrene Softlite Led Rc Table Lamp 2W (Pack of 1 White),₹719.61,4.3 out of 5 stars
NA,Bajaj Grace BBD Plus Ceiling Fan 1200mm Purple Haze (251130),₹2217,3.9 out of 5 stars
NA,Bajaj GX 3 500W Mixer Grinder White,₹2424,4.0 out of 5 stars
NA,Bajaj Ivora HB LED LAMP 9W CDL B22 (Pack of 10),₹624,4.1 out of 5 stars
NA,Bajaj 1603T 16 Litre Oven Toaster Grill (16 Litres OTG) with Baking & Grilling Accessories Oven for Kitchen with Transparent Glass Door 2 Year Warranty White,₹3699,4.0 out of 5 stars
NA,Bajaj Almond Drops Moisturizing Soap 5 X 125g,₹287,4.2 out of 5 stars
NA,Bajaj AirLight 85 mm Personal Rechargeable Fan with Task lighting |8 W Table Fan| 360-Degree Table Lamp| 3-6 Hours* Battery Backup| Silent Operation| USB Charging Fan| 1-Yr Warranty White,₹1297,4.8 out of 5 stars
NA,Bajaj New Majesty Instant 1 Litre 4.5 KW Verical Water Heater (White) Wall mounting,₹2989,NA
NA,Bajaj ATX 3 750-Watt Pop-up Toaster | 2-Slice Automatic Pop up Toaster| Dust Cover & Slide Out Crumb Tray | 6-Level Browning Controls | 2 Year Warranty by Bajaj | Black/Silver Electric Toaster,₹1447,3.8 out of 5 stars
NA,BAJAJ VACCO 2000-watts Manual Induction Cooktop Aluminium with 1 Burner Black,₹1789,3.7 out of 5 stars
NA,Bajaj Ninja Series Elegance Purple 500Watt 3 Jar Mixer Grinder,₹2639,3.6 out of 5 stars
NA,Bajaj Extension Reel Power Cord,₹345,4.2 out of 5 stars
NA,Bajaj Ivora Insect Shield LED 9W Lamp for Indoor and Outdoor Lighting - Yellow Medium,₹114,3.5 out of 5 stars
NA,Bajaj Rapido HS 400mm Grey&Yellow Pedestal Fan,₹5599.00,4.0 out of 5 stars
NA,Bajaj Rapido HS 400mm Grey&Yellow Pedestal Fan,₹3037,4.0 out of 5 stars
NA,Bajaj 1500 Watt Water Heater Immersion Rod,₹610,4.1 out of 5 stars
NA,Bajaj Majesty Duetto Gas 6 Ltr Vertical Water Heater ( LPG) White,₹5499,3.8 out of 5 stars
NA,Bajaj Single Burner With Removable Drip Tray Stainless Steel Gas Stove (Silver Medium 1Brss6) Open,₹1340,4.2 out of 5 stars
NA,Bajaj Twister Mixer Grinder 750W 3 Jars (White),₹4250,4.2 out of 5 stars
NA,Bajaj Grace BBD Plus Ceiling Fan 1200mm Timber Golden (251128),₹2217,3.7 out of 5 stars
NA,Bajaj Majesty RX10 2000 Watts Heat Convector Room Heater (White ISI Approved),₹2277,3.5 out of 5 stars
NA,Bajaj SWX 3 Deluxe 800W 2-Slice Sandwich Toaster with Toast Plates | Non-Stick Coated Plates | Upright Compact Storage | Buckle Clip Handle | 2-Yr Warranty by Bajaj | Black Sandwich Maker,₹1399,4.0 out of 5 stars
NA,Bajaj Food Factory FX 11 600 Watts Food Processor (White),₹6448,4.0 out of 5 stars
NA,Bajaj Regal Gold NXG EE 1200mm Premium & Designer Ceiling Fans for Home|BEE StarRated Energy Efficient|Strong 14-Pole Motor|High Air Delivery| 2-Yr Warranty Duck White Ceiling Fan,₹2887,NA
NA,Bajaj GX 3 500W Mixer Grinder White,₹2424,4.0 out of 5 stars
NA,Bajaj GX-4701 800W Mixer Grinder with Nutri-Pro Feature 4 Jars White,₹4675,4.0 out of 5 stars
NA,Bajaj Skive 5L Instant Water Heater for home|High Grade SS Tank|Multiple Safety System|Suitable for HighRise|Shock Resistant| Rust Proof Outer,₹3999,4.7 out of 5 stars
NA,Bajaj Frore Neo 400 MM Wall Mount Fan|Wall Fan for Kitchen & Home| Smooth Oscillation|100% CopperMotor| HighAir Delivery|3-Speed Control| Rust Free| 2-Yr Warranty Blue,₹2297,4.4 out of 5 stars
NA,Bajaj 4- Way Multiplug Socket (White) (11004),₹255,4.4 out of 5 stars
NA,Bajaj Nomarks Skin Clearing Face Serum – 10% Niacinamide,₹552,4.9 out of 5 stars
NA,Bajaj Minor 1000 Watts Radiant Room Heater (Steel ISI Approved),₹847,3.9 out of 5 stars
NA,(Renewed) Bajaj Blow Hot 2000-Watt Room Heater (Cream),₹867.87,3.5 out of 5 stars
NA,Bajaj Ivora 800W Mixer Grinder with Anti-Bacterial Coating and Nutri-Pro Feature 3 Jars Crimson Red,₹4297,4.1 out of 5 stars
NA,New - BAJAJ VACCO® Electric Coil HOT Plate 2000 WATT Stainless Steel Body W/Reg (Fitted With ISI Marked 'Theeta’ Coil Element),₹2021,4.1 out of 5 stars
NA,Bajaj Harrier NXG EE 1200 mm Walnut & Copper Ceiling Fan,₹2562.85,NA
NA,Bajaj Ninja Series Elegance Purple 500Watt 3 Jar Mixer Grinder,₹2639,3.6 out of 5 stars
NA,BAJAJ VACCO®Go-Ezzee Chapati/Roti/Khakhra Maker C-02 Wattage 900 Stainless Steel Black,₹2039,3.2 out of 5 stars
NA,BAJAJ VACCO (15 Inch Large),₹2210,4.2 out of 5 stars
NA,Bajaj Nuvo 400 mm Plum Purple Table Cum Pedestal Fan with BLDC Motor and Remote Control Operation Regular,₹7914,3.5 out of 5 stars
NA,Bajaj Grace BBD Plus Ceiling Fan 1200mm Moonlight White Regular (251127),₹2217,4.2 out of 5 stars
NA,Bajaj Extension Reel Power Cord,₹345,4.2 out of 5 stars
NA,Bajaj Majesty RX11 2000 Watts Heat Convector Room Heater (White ISI Approved),₹1997,4.0 out of 5 stars
NA,Bajaj Majesty PC Deluxe Storage 25 Litre Vertical 4 Star Water Heater Multicolor wall mounting,₹8599,4.2 out of 5 stars
NA,Bajaj Easy 500-Watt Mixer Grinder with 3 Jars (White),₹2965,4.2 out of 5 stars
NA,Bajaj Twister Deluxe 750-Watt Mixer Grinder with 3 Jars (White),₹4089,4.1 out of 5 stars
NA,Bajaj Ivora HB LED LAMP 9W CDL B22 (Pack of 10),₹624,4.1 out of 5 stars
NA,Bajaj Majesty Canvas Brown 1000 Watts Dry Iron,₹995,4.1 out of 5 stars
NA,Bajaj Robusta 12S1 1200mm Base Ivory Ceiling Fan,₹2440,4.0 out of 5 stars
NA,Bajaj Instabreeze 230MM Multipurpose Fan (Table Cum Wall Fan),₹1960,4.2 out of 5 stars
NA,Bajaj Maxima DX 200 mm Exhaust Fan (White),₹1147,4.1 out of 5 stars
NA,Bajaj TMX 3 1.5-L 2200-Watt Tea Maker - Silver,₹1884,4.2 out of 5 stars
NA,BAJAJ VACCO 2000-watts Manual Induction Cooktop Aluminium with 1 Burner Black,₹1789,3.7 out of 5 stars
NA,Bajaj 2200 TMSS 22-Litre OTG (Silver),₹5997,4.1 out of 5 stars
NA,Bajaj IVORA LED Panel 15W WDL Warm Daylight Round (Pack of 10),₹4099,NA
NA,Bajaj Aquaquick Instant Water heater 3L 3KW | Compact design Instant Performance | Longer life efficient copper heating Element with 3 years warranty,₹3489,5.0 out of 5 stars
NA,Bajaj 1702 MT Microwave Oven,₹4990,4.2 out of 5 stars
NA,Bajaj GX 3501 500 Watts Mixer Grinder with 3 Jars Black,₹2851,4.1 out of 5 stars
NA,Bajaj 6A 3 Sockets 2 USB Extension Board,₹647,3.8 out of 5 stars
NA,Bajaj Maxima DLX 150 MM Exhaust Fan For Kitchen & Bathroom| Strong Air Suction RustProof Body & DustProtection BackShutters|Voltage Protection|100% Copper Motor| 2-Yr Warranty| Window Mounting| White,₹1164.78,4.3 out of 5 stars
NA,Bajaj Shakti Plus Storage 6-Litre Vertical Water Heater (Ivory),₹5800,4.0 out of 5 stars
NA,Bajaj Almond Drops Hair Oil 45 Ml,₹37,4.2 out of 5 stars
NA,BAJAJ 150651 1000 W Immersion Heater Rod (Water),₹679,NA
NA,Bajaj Esteem 400MM Double String Wall Mount Fan| Adjustable Oscillating & Tiltable Wall Fan for Kitchen & Home| 100% CopperMotor| 3-Speed Control| VoltageProtection|High AirDelivery|2Yr Warranty|White,₹5599.00,3.8 out of 5 stars
NA,Bajaj Esteem 400MM Double String Wall Mount Fan| Adjustable Oscillating & Tiltable Wall Fan for Kitchen & Home| 100% CopperMotor| 3-Speed Control| VoltageProtection|High AirDelivery|2Yr Warranty|White,₹2087,3.8 out of 5 stars
NA,Bajaj Neo-Spectrum 400 mm Pedestal Fan (Blue),₹2472.57,3.6 out of 5 stars
NA,Bajaj Harrier NXG EE 1200 mm Gold & Copper Ceiling Fan,₹2454.67,NA
NA,Bajaj Frore Neo 400 MM Oscillating Pedestal Fan for Home|Aerodynamically Balanced Blades| 100% CopperMotor| HighAir Delivery|3-Speed Control| Rust Free|2-Yr Warranty Red,₹2747,1.0 out of 5 stars
NA,Bajaj Majesty 3L 3kW Instant Water Heater with 24 inches SS Connection Pipes Pair,₹3249,4.0 out of 5 stars
NA,Bajaj NBAI Powder Coated Glasstop Gas Stove with Non Battery Auto Ignition 3 Burner Black,₹5399,3.7 out of 5 stars
NA,Bajaj Caldia Nxg 25L Storage Water Heater White And Blue Wall Mounting,₹10848,5.0 out of 5 stars
NA,(Renewed) Bajaj Instabreeze 230MM Multipurpose Fan (Table Cum Wall Fan),₹1649,NA
NA,Bajaj Bravo Dlx 500-Watt Mixer Grinder (White/BLUE),₹2954,4.2 out of 5 stars
NA,Bajaj Caldia Storage 10 Litre Vertical Water Heater (White),₹7970,4.2 out of 5 stars
NA,Bajaj IVORA LED Panel 18W CDL Cool Daylight Round (Pack of 10),₹5399,NA
NA,Bajaj MX 16 1400-Watt Steam Iron (Purple),₹1549,4.0 out of 5 stars
NA,Bajaj Frore Neo 400 MM Oscillating Pedestal Fan for Home|Aerodynamically Balanced Blades| 100% CopperMotor| HighAir Delivery|3-Speed Control| Rust Free|2-Yr Warranty White,₹2747,2.1 out of 5 stars
NA,Bajaj Majesty ICX Pearl Theeta Electric Hot Plate Manual Aluminium Induction Cooktop 1 Burner Black,₹2829,4.0 out of 5 stars
NA,Bajaj Ivora HB LED LAMP 9W CDL B22 (Pack of 6),₹379,4.0 out of 5 stars
NA,BAJAJ VACCO® Master Chef 1 Nutri Blender – Mixer Grinder - 500 Watts (2 Jars 2 Blades),₹2508,NA
NA,Bajaj Calenta Storage 15 Litre Verical 5 Star Water Heater (Blue & White),₹10500,4.2 out of 5 stars
NA,Bajaj New Shakti Neo Plus 15 Litre 4 Star Rated Storage Water Heater (Geyser) with Multiple Safety System White,₹6599,4.0 out of 5 stars
NA,Bajaj Rapido 400 mm Pedestal Fan Wine Red With Full Copper Motor and High Speed Operation Regular,₹2428.83,2.0 out of 5 stars
NA,Bajaj GX8 500-Watt Mixer Grinder (White),₹3750,4.0 out of 5 stars
NA,Bajaj IVORA LED Panel 12W CDL Cool Daylight Round (Pack of 10),₹3799,NA
NA,Bajaj Splendora 1100 Watts Dry Iron Red & Black Regular (440314),₹1097,4.0 out of 5 stars
NA,Bajaj Stainless Steel Majesty Ktx 2 0.5-Litre Travel Kettle (Black)1100 Watts0.5 LiterPack of 1,NA,3.8 out of 5 stars
NA,Bajaj Popular Ultra 1400W Induction Cooktop with Pan Sensor and Voltage Pro Technology Black,₹2565,3.8 out of 5 stars
NA,Bajaj Brahmi Amla Ayurvedic Hair Oil 300ml,₹116,4.2 out of 5 stars
NA,Bajaj Popular 750-Watt Dry Iron,₹785,4.0 out of 5 stars
NA,Bajaj Dual Hob Top & Gas Stove 3 Burners|8mm Toughened Glasstop| Smart Swivel Nozzle| Stainless Steel DripTray|Brass Burners|ISI Certified| 2-Yr Warranty by Bajaj| Black,₹9997,3.5 out of 5 stars
NA,Bajaj Ninja Series Trinity 750W 4 Jar Mixer Grinder| DuraCut Blades by Bajaj|Powerful 750W Titan Motor| 3-SS Jars & 1 Juicer Jar| 5-Yr Warranty by Bajaj| Royal Blue,₹3697,4.6 out of 5 stars
NA,BAJAJ VACCO® Master Chef 1 Nutri Blender – Mixer Grinder - 500 Watts (2 Jars 2 Blades),₹2508,NA
NA,Bajaj Shakti PC Deluxe Storage 15 Litre Verical 4 Star Water Heater (Grey),₹8490,4.3 out of 5 stars
NA,Bajaj Harrier NXG EE1200 mm Electric Blue Ceiling Fan,₹4157,NA
NA,Bajaj JEX 16 800-Watt Juicer (Black),₹5689,3.8 out of 5 stars
NA,Bajaj Maxima 600mm Ceiling Fan (Bianco),₹1550,4.0 out of 5 stars
NA,Bajaj Trio 600-Watt Mixer Grinder with 3 Jars (White/Lavender),₹3399,4.0 out of 5 stars
NA,Bajaj 1701 MT 17L Solo Microwave Oven White,₹6490,4.3 out of 5 stars
NA,Bajaj Majesty Canvas 1000-Watt Dry Iron (Green),₹890,4.0 out of 5 stars
NA,Bajaj New Majesty Instant 1 Litre 4.5 KW Verical Water Heater (White) Wall mounting,₹2989,NA
NA,Bajaj Ultima PT01 200mm Table Fan (White),₹1590,3.7 out of 5 stars
NA,BAJAJ VACCO® Master Chef III Mixer - Grater - Grinder - 500 Watts (3 Jars 3 Blades),₹2352,NA
NA,Bajaj Bahar 300mm Exhaust Fan (Metallic Grey),₹1347,3.7 out of 5 stars
NA,Bajaj ICX 200FP 2000W Induction Cooktop Black,₹3889,NA
NA,Bajaj Classic Neo 750 Watt Mixer Grinder,₹3748,5.0 out of 5 stars
NA,Bajaj Majesty Canvas Pink 1000 Watts Dry Iron,₹899,4.1 out of 5 stars
NA,BAJAJ DX 2 Light Weight Iron (50 Black),₹675,4.1 out of 5 stars
NA,Bajaj Flora 3L 3kW ABS Plastic Instant Water Heater with 24-inch Stainless Steel Connection Pipes (White) wall mounting,₹3521,4.1 out of 5 stars
NA,Bajaj Montage 6 litres Vertical Storage 5 Star Water Heater (White),₹6799,4.2 out of 5 stars
NA,Bajaj Nomarks Pore Clearing Face Serum – 2% Salicylic Acid,₹439,5.0 out of 5 stars
NA,Bajaj Juvel Instant 3 Ltr Vertical Water Heater White wall mounting,₹3619,4.1 out of 5 stars
NA,Bajaj Aquaquick Instant Water heater 3L 3KW | Compact design Instant Performance | Longer life efficient copper heating Element with 3 years warranty,₹5599.00,5.0 out of 5 stars
NA,Bajaj Aquaquick Instant Water heater 3L 3KW | Compact design Instant Performance | Longer life efficient copper heating Element with 3 years warranty,₹3489,5.0 out of 5 stars
NA,Bajaj Majesty DX 11 6 W Stainless Steel Lightweight Automatic Dry Iron (Silver),₹785,4.2 out of 5 stars
NA,Bajaj Majesty RX 8 2000 Watts Heat Convector Room Heater (Black ISI Approved),₹2099,3.5 out of 5 stars
NA,Bajaj Raftaar Jumbo LED RC Torch (Red),₹495,4.0 out of 5 stars
NA,Bajaj Veloce Table 400 mm White,₹2177,3.0 out of 5 stars
NA,Bajaj Neo-Spectrum 400 mm Pedestal Fan (Blue),₹2472.57,3.6 out of 5 stars
NA,Bajaj Junet Plus AVAB Ceiling Fan 1200 mm Autumn Mist & Sizzling Brown (251682),₹2963.38,4.4 out of 5 stars
NA,Bajaj Almonds Drops Hair Oil Pack of 1 650ml & Bajaj 100% Pure Coconut Oil 600 ml,₹466,5.0 out of 5 stars
NA,Bajaj Frore Neo 400 MM Oscillating Pedestal Fan for Home|Aerodynamically Balanced Blades| 100% CopperMotor| HighAir Delivery|3-Speed Control| Rust Free|2-Yr Warranty Red,₹2747,1.0 out of 5 stars
NA,Bajaj Easy 500-Watt Mixer Grinder with 3 Jars (White),₹2965,4.2 out of 5 stars
NA,Bajaj Hyperion Rc Led Portable Torch Cum Table Lamp (Pack of 1 Yellow Abs),₹699,4.2 out of 5 stars
NA,Bajaj TMX 3 1.5-L 2200-Watt Tea Maker - Silver,₹1884,4.2 out of 5 stars
NA,Bajaj Almond Drops Hair Serum with Almond Oil & Vitamin E | Provides Long lasting Frizz Control | For 3x Softer Hair | 100ml,₹208,4.1 out of 5 stars
NA,Bajaj MX 16 1400-Watt Steam Iron (Purple),₹1549,4.0 out of 5 stars
NA,Bajaj DC 55 DLX 54L Desert Air Cooler for home with DuraMarine Pump (2-Yr Warranty by Bajaj) Hexacool & TurboFan Technology 70-Feet Powerful Air Throw & 3-Speed Control White Cooler for room,₹8207,3.6 out of 5 stars
NA,BAJAJ VACCO® Master Chef 1 Nutri Blender – Mixer Grinder - 500 Watts (2 Jars 2 Blades),₹2508,NA
NA,Bajaj Crescent 12S1 1200mm Ivory and Gold Ceiling Fan,₹2377,3.7 out of 5 stars
NA,Bajaj Majesty New Swx 4 750-Watt Grill Toaster White,₹1899,4.0 out of 5 stars
NA,Bajaj Ultima PT01 200mm Table Fan (White),₹1590,3.7 out of 5 stars
NA,Bajaj Twister Deluxe 750-Watt Mixer Grinder with 3 Jars (White),₹4089,4.1 out of 5 stars
NA,Bajaj Majesty 3L 3kW Instant Water Heater with 24 inches SS Connection Pipes Pair,₹3249,4.0 out of 5 stars
NA,Bajaj Glide EE 1200mm (48") Ceiling Fans for Home |BEE Star Rated Energy Efficient Ceiling Fan|Rust Free Coating|Unique Chrome Plated|Designer fan|HighSpeed| 2-Yr Warranty Snowy White,₹2227,3.9 out of 5 stars
NA,Bajaj Stainless Steel Juvel 300 Watts Hand Blender with Prism Design & Silent Dc Motor Pink,₹1408,3.8 out of 5 stars
NA,Bajaj OFR Room Heater 11 Fin 2500 Watts Oil Filled Room Heater with 400W PTC Ceramic Fan Heater ISI Approved (Majesty 11F Plus Black/Golden),₹8797,4.1 out of 5 stars
NA,BAJAJ VACCO Dry Iron Skipper 01 Heavy Wt (White),₹999,3.8 out of 5 stars
NA,Bajaj Bravo Dlx 500-Watt Mixer Grinder (White/BLUE),₹2954,4.2 out of 5 stars
NA,BAJAJ DX 2 Light Weight Iron (50 Black),₹675,4.1 out of 5 stars
NA,Bajaj Rapido 400 mm Table Fan Pearl Blue With Full Copper Motor and High Speed Operation Regular,₹1949.08,3.1 out of 5 stars
NA,Bajaj Majesty DS100 1000 Watt Dry Iron with Spray (Blue/White),₹1065,3.7 out of 5 stars
NA,Bajaj Popular 750-Watt Dry Iron,₹785,4.0 out of 5 stars
NA,Bajaj Majesty PC Deluxe Storage 25 Litre Vertical 4 Star Water Heater Multicolor wall mounting,₹8599,4.2 out of 5 stars
NA,Bajaj Maxio 150 mm Exhaust Fan (Steel),₹1397,3.7 out of 5 stars
NA,Bajaj Majesty ICX Pearl Theeta Electric Hot Plate Manual Aluminium Induction Cooktop 1 Burner Black,₹2829,4.0 out of 5 stars
NA,Bajaj Edge HS Deco 1200 mm Ceiling Fan (Choko Brown),₹2240,3.8 out of 5 stars
NA,Bajaj 750 Watts Sandwich and Samosa Maker with Interchangeable Plates Thermostat Control for Variable Temperature Non-Stick Coated Plates for Easy Cleaning 2-Year Warranty White Sandwich Maker,₹2649,2.7 out of 5 stars
NA,Bajaj Robusta 12S1 1200mm Base White Ceiling Fan,₹2033.37,NA
NA,Bajaj Softlite Mini Led Rc Portable Table Lamp - White(Acrylonitrile Butadiene Styrene Pack of 1),₹1078,4.3 out of 5 stars
NA,Bajaj Snowvent 150 Watts Tower Fan (Blue-Turquoise),₹3747,3.6 out of 5 stars
NA,Bajaj Classico 12S1 1200mm Brown Ceiling Fan,₹1617.64,4.0 out of 5 stars
NA,BAJAJ VACCO® Master Chef 1 Nutri Blender – Mixer Grinder - 500 Watts (2 Jars 2 Blades),₹2508,NA
NA,Bajaj Majesty Canvas 1000-Watt Dry Iron (Green),₹890,4.0 out of 5 stars
NA,(Renewed) Bajaj 1-Litre 1200-Watt Cordless Kettle (White),₹999,3.7 out of 5 stars
NA,BAJAJ VACCO® Master Chef III Mixer - Grater - Grinder - 500 Watts (3 Jars 3 Blades),₹2352,NA
NA,Bajaj Popular Ultra 1400W Induction Cooktop with Pan Sensor and Voltage Pro Technology Black,₹2565,3.8 out of 5 stars
NA,Bajaj Maxima 300MM Exhaust fan (White),₹1747,3.9 out of 5 stars
NA,Bajaj PCX 45 Aluminium Inner Lid Pressure Cooker with Induction Base (5 LTR Silver ISI Certified),₹1799,4.5 out of 5 stars
NA,Bajaj Euro Prime EE 1200mm Brown & Bronze Ceiling Fan,₹4567,NA
NA,Bajaj New Majesty Instant 1 Litre 4.5 KW Verical Water Heater (White) Wall mounting,₹2989,NA
NA,BAJAJ VACCO Radiant Electric Coil HOT Plate 1250 Watt PC W/REG - Black,₹5599.00,3.8 out of 5 stars
NA,BAJAJ VACCO Radiant Electric Coil HOT Plate 1250 Watt PC W/REG - Black,₹1629,3.8 out of 5 stars
NA,Bajaj GX 6 500W Mixer Grinder White,₹2804,4.1 out of 5 stars
NA,Bajaj Frore Neo Table Fan 400 MM | Table fans for Home & Office |Aerodynamically Balanced Blades| 100% CopperMotor| HighAir Delivery|3-Speed Control| 2-Yr Warranty White,₹1782.31,1.0 out of 5 stars
NA,Bajaj Neo Spectrum 400mm Wall Fan (Blue),₹2898,3.9 out of 5 stars
NA,Bajaj GP4 Powder Coated Slim Glasstop Gas Stove 4 Burner with 1 Jumbo Burner Black,₹7997,4.6 out of 5 stars
NA,Bajaj Regal Gold Nxg 1200 Mm Ceiling Fan Duck White,₹2614,3.7 out of 5 stars
NA,Bajaj Ultima Neo PW01 200 MM Wall Fan 220-230 V AC 50 HZ (White/Black),₹1815,3.5 out of 5 stars
NA,Bajaj Almond Drops Hair Serum with Almond Oil & Vitamin E | Provides Long lasting Frizz Control | For 3x Softer Hair | 100ml,₹208,4.1 out of 5 stars
NA,Bajaj Herculo 1100 Watts Dry Iron Black & Grey (440315),₹1949,4.0 out of 5 stars
NA,Bajaj AIRSTREAM 60 W 400 MM TABLE FAN FULL COPPER MOTOR BLUE medium,₹2027,3.6 out of 5 stars
NA,Bajaj 3BJGP7 Stainless Steel Glass Top Gas Stove with 3 Brass BurnersISI CertifiedAnti-Viral and Anti-Bacterial Coating Black Regular,₹6248.22,3.5 out of 5 stars
NA,(Renewed) Bajaj ATX 4 750-Watt Toaster (White),₹1234.80,3.7 out of 5 stars
NA,Bajaj Ivora Plus Linear LED Lamp 18W Cool Day Light B22D (Pack of 2 White) Medium (830429-Pk2),₹610,3.9 out of 5 stars
NA,Bajaj Tempesta 80 W 4 Speed Levels with Remote Control Tower Fan (Brown) medium (251259),₹8393,3.5 out of 5 stars
NA,Bajaj 36L Personal Air Cooler PMH 36 Torque (Anti-Bacterial Technology Honeycomb Cooling Pads),NA,3.3 out of 5 stars
NA,Bajaj B22 12-Watt Led Bulb (Cool Day Light) (Cool Day Light),₹259,4.2 out of 5 stars
NA,Bajaj Esteem 400 mm Wall Fan (White),₹2027,3.9 out of 5 stars
NA,Bajaj ICX 130 Push Button Induction Cooktop (Black),₹2345,4.1 out of 5 stars
NA,Bajaj MX-3 1250W Steam Iron with Steam Burst Vertical and Horizontal Ironing Non-Stick Coated Soleplate White and Purple,₹1420,3.9 out of 5 stars
NA,BAJAJ Majesty DX 11 Pro 1000 W Dry Iron (Black),₹718,3.5 out of 5 stars
NA,Bajaj Shakti PC Deluxe Storage 10 Litre Verical 4 Star Water Heater (Grey),₹7899,4.2 out of 5 stars
NA,Bajaj Majesty KTX 9 1-Litre Multifunction Stainless Steel Kettle,₹2599,4.1 out of 5 stars
NA,Bajaj Avengers 650W Pop-Up Toaster with Plate (Silver),₹1830.61,3.2 out of 5 stars
NA,Bajaj Maxima DX-G 02 150 mm Exhaust Fan (Ivory),₹1137,3.9 out of 5 stars
NA,Bajaj Deluxe 2000 Watts Halogen Room Heater (Steel ISI Approved) Multicolor,₹1475,3.8 out of 5 stars
NA,Bajaj DX 2 Light Weight Iron (Black and White),₹620,4.0 out of 5 stars
NA,Bajaj Majesty RH 13F Room Heater,₹12130,4.0 out of 5 stars
NA,BAJAJ VACCO 1000-watts Manual Induction Cooktop HPC-01,₹1236,3.8 out of 5 stars
NA,Bajaj Majesty 15GMH (RF) 15-Litre 2000-Watt Storage Water Heater (White) Wall mounting,₹7679,4.2 out of 5 stars
NA,Bajaj FX-1000 DLX 1000 Watts Food Processor and Mixer Grinder with 9 attachments (Black),₹10310,3.7 out of 5 stars
NA,Bajaj IVORA LED Panel 9W CDL Cool Daylight Round (Pack of 10),₹3499,NA
NA,BAJAJ VACCO® Chapati Maker C-04 Watt 900 S.Steel,₹2039,3.3 out of 5 stars
NA,Bajaj Neo Spectrum 400mm Table Fan (Grey),₹2347,3.3 out of 5 stars
NA,Bajaj Brezza 425 1200mm White Ceiling Fan,₹2495,4.0 out of 5 stars
NA,Bajaj Freshsip DLX Juicer Mixer Grinder,₹3370,NA
NA,(Renewed) Bajaj Ruby 500-Watt Mixer Grinder with 3 Jars (White/Red),₹2449,3.8 out of 5 stars
NA,Bajaj New Popular 750 Dry Iron,₹720,4.2 out of 5 stars
NA,Bajaj Ivora HB LED Lamp 9W CDL Cool Daylight B22 LED Bulb (Pack of 4),₹400,4.2 out of 5 stars
NA,Bajaj Immersion Rod,₹648,4.0 out of 5 stars
NA,Bajaj Euro NXG Anti-Germ BBD 1200 mm Ceiling Fan (Drupe Green),₹4260,3.7 out of 5 stars
NA,BAJAJ VACCO ® GAS Aluminium Multi Purpose Oven Gas Tandoor/Barbeque Griller/Bati/Pizza Maker,₹1722,4.0 out of 5 stars
NA,Bajaj 150 mm 23 Watts Maxio Exhaust FanWhite,₹1260.60,3.4 out of 5 stars
NA,Bajaj Popular Eco 2-Burner Open Stainless Steel ISI Certified Gas Stove (Silver Black),₹2030,4.0 out of 5 stars
NA,Bajaj EDGE HS DECO 600mm 4 Blades Ceiling fan (BIANCO),₹2450,3.6 out of 5 stars
NA,Bajaj Juvel Instant 1 Ltr Vertical Water Heater White,₹2935,3.8 out of 5 stars
NA,Bajaj PCX 3IB 3 Litre Aluminium Pressure Cooker with Outer Lid and Induction,₹1399,4.1 out of 5 stars
NA,Bajaj Grace BBD Plus Ceiling Fan 1200mm Crimson Velvet (251129),₹2217,4.5 out of 5 stars
NA,Bajaj Flashy 3kW Tankless Instant Water Heater White,₹3810,2.6 out of 5 stars
NA,Bajaj Junet Plus AVAB Ceiling Fan 1200 mm Black Currant & Rose Copper (251681),₹5599.00,3.7 out of 5 stars
NA,Bajaj Junet Plus AVAB Ceiling Fan 1200 mm Black Currant & Rose Copper (251681),₹2562,3.7 out of 5 stars
NA,Bajaj Freshee Fresh 46-Watt Air Fan (Metallic Grey),₹1747,3.5 out of 5 stars
NA,Bajaj Majesty KTX-2 Plastic Travel Kettle (Multicolour),₹1720,3.8 out of 5 stars
NA,Bajaj Junet Plus AVAB Ceiling Fan 1200 mm Autumn Mist & Sizzling Brown (251682),₹2963.38,4.4 out of 5 stars
NA,Bajaj Perfectto 3L 3KW Instant Water Heater,₹3698,NA
NA,Bajaj Almonds Drops Hair Oil Pack of 1 650ml & Bajaj 100% Pure Coconut Oil 600 ml,₹466,5.0 out of 5 stars
NA,BAJAJ VACCO Dry Iron Civic -II Lt Wt Assorted Colours,₹689,3.9 out of 5 stars
NA,Bajaj Hyperion Rc Led Portable Torch Cum Table Lamp (Pack of 1 Yellow Abs),₹699,4.2 out of 5 stars
NA,Bajaj WX1 230-Watt Table Top Wet Grinder (White),₹4475,3.9 out of 5 stars
NA,Bajaj DC 55 DLX 54L Desert Air Cooler for home with DuraMarine Pump (2-Yr Warranty by Bajaj) Hexacool & TurboFan Technology 70-Feet Powerful Air Throw & 3-Speed Control White Cooler for room,₹8207,3.6 out of 5 stars
NA,BAJAJ VACCO® Anodized Aluminium Baking/Cake Moulds (Set of Three) Heart Shape,₹408,5.0 out of 5 stars
NA,Bajaj Crescent 12S1 1200mm Ivory and Gold Ceiling Fan,₹2377,3.7 out of 5 stars
NA,Bajaj Compagno 2000 W 6 Litre Vertical 5 Star Rated Storage Water Heater (Geyser) White And Blue Wall Mounting,₹6099,4.2 out of 5 stars
NA,Bajaj Majesty New Swx 4 750-Watt Grill Toaster White,₹1899,4.0 out of 5 stars
NA,Bajaj 1.2L SS Cordless Electric Kettle (Black),₹1185,3.6 out of 5 stars
NA,Bajaj Glide EE 1200mm (48") Ceiling Fans for Home |BEE Star Rated Energy Efficient Ceiling Fan|Rust Free Coating|Unique Chrome Plated|Designer fan|HighSpeed| 2-Yr Warranty Snowy White,₹2227,3.9 out of 5 stars
NA,Bajaj Stainless Steel Juvel 300 Watts Hand Blender with Prism Design & Silent Dc Motor Pink,₹1408,3.8 out of 5 stars
NA,Bajaj OFR Room Heater 11 Fin 2500 Watts Oil Filled Room Heater with 400W PTC Ceramic Fan Heater ISI Approved (Majesty 11F Plus Black/Golden),₹8797,4.1 out of 5 stars
