NA,Cisco WS-CE500-24TT; 24 10/100 2 10/100/1000,₹6000,4.3 out of 5 stars.
NA,Cisco WS-CE500-24TT; 24 10/100 2 10/100/1000,₹6000,2.9 out of 5 stars
NA,Cisco WS-CE500-24TT; 24 10/100 2 10/100/1000,₹6000,2.9 out of 5 stars
NA,Cisco CISCO1921/K9 1921 - Router - GigE - rack-mountable,₹64000,NA
NA,Cisco CISCO1921/K9 1921 - Router - GigE - rack-mountable,₹64000,NA
NA,Cisco Business CBS110-24T-D Unmanaged Switch | 24 Port GE | 2x1G SFP Shared | Limited Lifetime Protection (CBS110-24T-NA),₹7290,4.7 out of 5 stars
NA,Cisco Business CBS110-24T-D Unmanaged Switch | 24 Port GE | 2x1G SFP Shared | Limited Lifetime Protection (CBS110-24T-NA),₹7290,4.7 out of 5 stars
NA,Cisco GLC-LH-SMD 1000BASE-LX/LH SFP MMF/SMF with Hologram,₹4452,5.0 out of 5 stars
NA,Cisco GLC-LH-SMD 1000BASE-LX/LH SFP MMF/SMF with Hologram,₹4452,5.0 out of 5 stars
NA,Cisco Business CBS350-24T-4G Managed Switch | 24 Port GE | 4x1G SFP | Limited Lifetime Protection (CBS350-24T-4G),₹30499,3.7 out of 5 stars
NA,Cisco Business CBS350-24T-4G Managed Switch | 24 Port GE | 4x1G SFP | Limited Lifetime Protection (CBS350-24T-4G),₹30499,3.7 out of 5 stars
NA,Cisco SG550X-24 Stackable Managed Switch | 24 Gigabit Ethernet (GbE) Ports | 2 x 10G Combo | 2 x SFP+ | L3 Dynamic Routing | Limited Lifetime Protection (SG550X-24-K9-IN),₹158871,NA
NA,Cisco SG550X-24 Stackable Managed Switch | 24 Gigabit Ethernet (GbE) Ports | 2 x 10G Combo | 2 x SFP+ | L3 Dynamic Routing | Limited Lifetime Protection (SG550X-24-K9-IN),₹158871,NA
NA,Cisco Catalyst 9300 48-Port PoE+ Network Essentials - 48 x Gigabit Ethernet Network - Manageable -,₹405000,NA
NA,Cisco Catalyst 9300 48-Port PoE+ Network Essentials - 48 x Gigabit Ethernet Network - Manageable -,₹405000,NA
NA,Cisco Business Power Over Ethernet Injector | Limited Lifetime Protection (CB-PWRINJ-in),₹5999,5.0 out of 5 stars
NA,Cisco Business Power Over Ethernet Injector | Limited Lifetime Protection (CB-PWRINJ-in),₹5999,5.0 out of 5 stars
NA,Cisco Business 240AC Wi-Fi Access Point | 802.11ac | 4x4 | 2 GbE Ports | Ceiling Mount | Limited Lifetime Protection (CBW240AC-D),₹29990,5.0 out of 5 stars
NA,Cisco Business 240AC Wi-Fi Access Point | 802.11ac | 4x4 | 2 GbE Ports | Ceiling Mount | Limited Lifetime Protection (CBW240AC-D),₹29990,5.0 out of 5 stars
NA,Cisco 1941 w/2 GE2 EHWIC Slots256MB CF512MB DRAMIP Base,₹59000,4.7 out of 5 stars
NA,Cisco 1941 w/2 GE2 EHWIC Slots256MB CF512MB DRAMIP Base,₹59000,4.7 out of 5 stars
NA,Cisco Podcast Network,₹0,NA
NA,Cisco Podcast Network,₹0,NA
NA,Cisco WS-C3560G-48TS-S SMI 48 port Catalyst Gigabit Switch,₹102656,5.0 out of 5 stars
NA,Cisco WS-C3560G-48TS-S SMI 48 port Catalyst Gigabit Switch,₹102656,5.0 out of 5 stars
NA,Cisco 2921/K9 Router; 3GE 4EHWIC 3DSP 1,₹79000,4.3 out of 5 stars
NA,Cisco 2921/K9 Router; 3GE 4EHWIC 3DSP 1,₹79000,4.3 out of 5 stars
NA,Genuine Cisco GLC-LH-SMD SFP Transceiver Model Gbic 10-2625-01,₹2400,3.2 out of 5 stars
NA,Genuine Cisco GLC-LH-SMD SFP Transceiver Model Gbic 10-2625-01,₹2400,3.2 out of 5 stars
NA,Cisco Business 150AX Wi-Fi 6 2x2 Access Point 1 GbE Port - Ceiling Mount PoE Injector Included 3-Year Hardware Protection (CBW150AX-B-NA),₹23955,3.8 out of 5 stars
NA,Cisco Business 150AX Wi-Fi 6 2x2 Access Point 1 GbE Port - Ceiling Mount PoE Injector Included 3-Year Hardware Protection (CBW150AX-B-NA),₹23955,3.8 out of 5 stars
NA,Cisco Business CBS350-24T Managed Switch | 24 Port GE | 4x10G SFP+ | Limited Lifetime Protection (CBS350-24T-4X),₹77999,3.7 out of 5 stars
NA,Cisco Business CBS350-24T Managed Switch | 24 Port GE | 4x10G SFP+ | Limited Lifetime Protection (CBS350-24T-4X),₹77999,3.7 out of 5 stars
NA,Genuine Cisco GLC-LH-SMD SFP Transceiver Model Gbic 10-2625-01,₹2400,3.2 out of 5 stars
NA,Genuine Cisco GLC-LH-SMD SFP Transceiver Model Gbic 10-2625-01,₹2400,3.2 out of 5 stars
NA,Genuine Cisco GLC-LH-SMD SFP Transceiver Model Gbic 10-2625-01,₹2400,3.2 out of 5 stars
NA,Cisco Business 150AX Wi-Fi 6 2x2 Access Point 1 GbE Port - Ceiling Mount PoE Injector Included 3-Year Hardware Protection (CBW150AX-B-NA),₹23955,3.8 out of 5 stars
NA,Cisco Business 150AX Wi-Fi 6 2x2 Access Point 1 GbE Port - Ceiling Mount PoE Injector Included 3-Year Hardware Protection (CBW150AX-B-NA),₹23955,3.8 out of 5 stars
NA,OPEN Cisco HWIC-2FE 2 PORT FAST ETHERNET UNUSED WITHOUT ORIGINAL BOX,₹14486.56,4.2 out of 5 stars
NA,OPEN Cisco HWIC-2FE 2 PORT FAST ETHERNET UNUSED WITHOUT ORIGINAL BOX,₹14486.56,4.2 out of 5 stars
NA,Cisco Business 141ACM-D-IN Wi-Fi Mesh Extender | 802.11ac | 2x2 | 4 GbE Ports | 1 PoE Port |Desktop | Limited Lifetime Protection (CBW141ACM-D-IN),₹17802,NA
NA,Cisco Business 141ACM-D-IN Wi-Fi Mesh Extender | 802.11ac | 2x2 | 4 GbE Ports | 1 PoE Port |Desktop | Limited Lifetime Protection (CBW141ACM-D-IN),₹17802,NA
NA,Cisco Business 240AC Wi-Fi Access Point | 802.11ac | 4x4 | 2 GbE Ports | Ceiling Mount | 5 Pack Bundle | Limited Lifetime Protection (5-CBW240AC-D),₹149999,5.0 out of 5 stars
NA,Cisco Business 240AC Wi-Fi Access Point | 802.11ac | 4x4 | 2 GbE Ports | Ceiling Mount | 5 Pack Bundle | Limited Lifetime Protection (5-CBW240AC-D),₹149999,5.0 out of 5 stars
NA,Cisco SG550X-24P Stackable Managed Switch | 24 Gigabit Ethernet (GbE) Ports | 195W PoE | 2 x 10G Combo | 2 x SFP+ | L3 Dynamic Routing | Limited Lifetime Protection (SG550X-24P-K9-IN),₹189082,NA
NA,Cisco SG550X-24P Stackable Managed Switch | 24 Gigabit Ethernet (GbE) Ports | 195W PoE | 2 x 10G Combo | 2 x SFP+ | L3 Dynamic Routing | Limited Lifetime Protection (SG550X-24P-K9-IN),₹189082,NA
NA,Cisco Catalyst 1000-48T-4G-L Network Switch 48 Gigabit Ethernet Ports 4 1G SFP Uplink Ports Enhanced Limited (C1000-48T-4G-L),₹99999,5.0 out of 5 stars
NA,Cisco Catalyst 1000-48T-4G-L Network Switch 48 Gigabit Ethernet Ports 4 1G SFP Uplink Ports Enhanced Limited (C1000-48T-4G-L),₹99999,5.0 out of 5 stars
NA,Cisco Business 240AC Wi-Fi Access Point | 802.11ac | 4x4 | 2 GbE Ports | Ceiling Mount | 3 Pack Bundle | Limited Lifetime Protection (3-CBW240AC-D),₹89999,5.0 out of 5 stars
NA,Cisco Business 240AC Wi-Fi Access Point | 802.11ac | 4x4 | 2 GbE Ports | Ceiling Mount | 3 Pack Bundle | Limited Lifetime Protection (3-CBW240AC-D),₹89999,5.0 out of 5 stars
NA,Cisco WS-C2960X-48FPS-L Catalyst Ethernet Switch,₹185000,NA
NA,Cisco WS-C2960X-48FPS-L Catalyst Ethernet Switch,₹185000,NA
NA,Cisco SX550X-24F Stackable Managed Switch | 24 Ports 10 Gigabit Ethernet (GbE) | 20 Slots SFP+ | 4 x 10G Combo SFP+ | L3 Dynamic Routing | Limited Lifetime Protection (SX550X-24F-K9-IN),₹285000,NA
NA,Cisco SX550X-24F Stackable Managed Switch | 24 Ports 10 Gigabit Ethernet (GbE) | 20 Slots SFP+ | 4 x 10G Combo SFP+ | L3 Dynamic Routing | Limited Lifetime Protection (SX550X-24F-K9-IN),₹285000,NA
NA,Cisco Business 141ACM Wi-Fi Mesh Extender | 802.11ac | 2x2 | 4 GbE Ports | 1 PoE Port |Desktop | Limited Lifetime Protection (CBW141ACM-D-IN) | Requires Cisco Business Wireless Access Points,₹21307,NA
NA,Cisco Business 141ACM Wi-Fi Mesh Extender | 802.11ac | 2x2 | 4 GbE Ports | 1 PoE Port |Desktop | Limited Lifetime Protection (CBW141ACM-D-IN) | Requires Cisco Business Wireless Access Points,₹21307,NA
NA,Cisco SG350-52MP 52-Port Gigabit Max-PoE Managed Switch,₹190000,5.0 out of 5 stars
NA,Cisco SG350-52MP 52-Port Gigabit Max-PoE Managed Switch,₹190000,5.0 out of 5 stars
NA,Original Industrial standard CISCO GLC-LX-SM-RGD= Rugged SFP - SFP (mini-GBIC) transceiver module- 1000Base-LX/LH,₹3400,NA
NA,Original Industrial standard CISCO GLC-LX-SM-RGD= Rugged SFP - SFP (mini-GBIC) transceiver module- 1000Base-LX/LH,₹3400,NA
NA,Cisco Business CBS350-24T-4G Managed Switch | 24 Port GE | 4x1G SFP | Limited Lifetime Protection (CBS350-24T-4G-NA),₹33968,4.2 out of 5 stars
NA,Cisco Business CBS350-24T-4G Managed Switch | 24 Port GE | 4x1G SFP | Limited Lifetime Protection (CBS350-24T-4G-NA),₹33968,4.2 out of 5 stars
NA,(Renewed) Cisco Business 141ACM-D-IN Wi-Fi Mesh Extender | 802.11ac | 2x2 | 4 GbE Ports | 1 PoE Port |Desktop | Limited Lifetime Protection (CBW141ACM-D-IN),₹9100,NA
NA,(Renewed) Cisco Business 141ACM-D-IN Wi-Fi Mesh Extender | 802.11ac | 2x2 | 4 GbE Ports | 1 PoE Port |Desktop | Limited Lifetime Protection (CBW141ACM-D-IN),₹9100,NA
NA,Cisco CISCO2921-SEC K9 2921 Security Bundle with sec Lic,₹67173.11,4.0 out of 5 stars
NA,Cisco CISCO2921-SEC K9 2921 Security Bundle with sec Lic,₹67173.11,4.0 out of 5 stars
NA,CCSP Cisco Secure PIX Firewall Advanced Exam Certification Guide (CCSP Self-Study),₹7500,1.0 out of 5 stars
NA,CCSP Cisco Secure PIX Firewall Advanced Exam Certification Guide (CCSP Self-Study),NA,1.0 out of 5 stars
NA,CCSP Cisco Secure PIX Firewall Advanced Exam Certification Guide (CCSP Self-Study),NA,1.0 out of 5 stars
NA,Cisco SPA112 2-Port Phone Adapter,₹7500,4.3 out of 5 stars
NA,Cisco SPA112 2-Port Phone Adapter,₹7500,4.3 out of 5 stars
NA,Cisco Business CBS250-48P-4G Smart Switch | 48 Port GE | PoE | 4x1G SFP | Limited Lifetime Protection (CBS250-48P-4G),₹176735,4.1 out of 5 stars
NA,Cisco Business CBS250-48P-4G Smart Switch | 48 Port GE | PoE | 4x1G SFP | Limited Lifetime Protection (CBS250-48P-4G),₹176735,4.1 out of 5 stars
NA,Cisco Business CBS110-8T-D Unmanaged Switch | 8 Port GE | Desktop | Ext PS | Limited Lifetime Protection (CBS110-8T-D),₹7350,5.0 out of 5 stars
NA,Cisco Business CBS110-8T-D Unmanaged Switch | 8 Port GE | Desktop | Ext PS | Limited Lifetime Protection (CBS110-8T-D),₹7350,5.0 out of 5 stars
NA,Cisco Catalyst 2960X-24TS-L Ethernet Switch WS-C2960X-24TS-L,₹109000,4.2 out of 5 stars
NA,Cisco Catalyst 2960X-24TS-L Ethernet Switch WS-C2960X-24TS-L,₹109000,4.2 out of 5 stars
NA,Cisco Business CBS110-8T-D Unmanaged Switch | 8 Port GE | Desktop | Ext PS | Limited Lifetime Protection (CBS110-8T-D),₹7290,4.7 out of 5 stars
NA,Cisco Business CBS110-8T-D Unmanaged Switch | 8 Port GE | Desktop | Ext PS | Limited Lifetime Protection (CBS110-8T-D),₹7290,4.7 out of 5 stars
NA,Cisco 2951/K9 Router; 3GE 4EHWIC 3DSP-2SM,₹83000,5.0 out of 5 stars
NA,Cisco 2951/K9 Router; 3GE 4EHWIC 3DSP-2SM,₹83000,5.0 out of 5 stars
NA,Cisco 10GBASE-SR SFP+ Module for MMF SFP-10G-SR-S=,₹2993,4.5 out of 5 stars
NA,Cisco 10GBASE-SR SFP+ Module for MMF SFP-10G-SR-S=,₹2993,4.5 out of 5 stars
NA,Cisco Business Power Over Ethernet Injector | Limited Lifetime Protection (CB-PWRINJ-in),₹5999,5.0 out of 5 stars
NA,Cisco Business Power Over Ethernet Injector | Limited Lifetime Protection (CB-PWRINJ-in),₹5999,5.0 out of 5 stars
NA,Cisco HWIC-4ESW; 4-Port 10/100BaseT Switch HW,₹7679,4.3 out of 5 stars
NA,Cisco HWIC-4ESW; 4-Port 10/100BaseT Switch HW,₹7679,4.3 out of 5 stars
NA,Cisco Business CBS350-24T Managed Switch 24 Port GE 4x10G SFP+ Limited Lifetime Protection (CBS350-24T-4X),₹75999,4.1 out of 5 stars
NA,Cisco Business CBS350-24T Managed Switch 24 Port GE 4x10G SFP+ Limited Lifetime Protection (CBS350-24T-4X),₹75999,4.1 out of 5 stars
NA,CISCO DESIGNED Business CBS350-48T-4X Managed Switch | 48 Port GE | 4x10G SFP+ | Limited Lifetime Protection (CBS350-48T-4X),₹149000,4.3 out of 5 stars
NA,CISCO DESIGNED Business CBS350-48T-4X Managed Switch | 48 Port GE | 4x10G SFP+ | Limited Lifetime Protection (CBS350-48T-4X),₹149000,4.3 out of 5 stars
NA,Cisco Business CBS350-24T Managed Switch | 24 Port GE | 4x10G SFP+ | Limited Lifetime Protection (CBS350-24T-4X),₹77999,3.7 out of 5 stars
NA,Cisco Business CBS350-24T Managed Switch | 24 Port GE | 4x10G SFP+ | Limited Lifetime Protection (CBS350-24T-4X),₹77999,3.7 out of 5 stars
NA,Cisco C1111-4P Router,₹69000,5.0 out of 5 stars
NA,Cisco C1111-4P Router,₹69000,5.0 out of 5 stars
NA,Cisco 819G Cellular Wireless Integrated Services Router - 4G - LTE 700 LTE 1900 LTE 850 LTE 2100,NA,NA
NA,Cisco 819G Cellular Wireless Integrated Services Router - 4G - LTE 700 LTE 1900 LTE 850 LTE 2100,NA,NA
NA,Cisco Catalyst WS-C3560X-48PF-L 48 Port Ethernet Switch with 740 Watt PoE,₹140000,NA
NA,Cisco Catalyst WS-C3560X-48PF-L 48 Port Ethernet Switch with 740 Watt PoE,₹140000,NA
NA,Hub Digital by Cisco Designed,₹0,4.3 out of 5 stars.
NA,Hub Digital by Cisco Designed,₹0,NA
NA,Hub Digital by Cisco Designed,₹0,NA
NA,Cisco 25GBase-SR SFP28 Module for MMF,₹34849,NA
NA,Cisco 25GBase-SR SFP28 Module for MMF,₹34849,NA
NA,Cisco GLC-SX-MM SFP 1000Base-SX Transceiver Module,₹1986,4.0 out of 5 stars
NA,Cisco GLC-SX-MM SFP 1000Base-SX Transceiver Module,₹1986,4.0 out of 5 stars
NA,Cisco 72-3383-01 6ft Rollover Console Cable DB9 Female To RJ45 MaleBlue,₹600,4.2 out of 5 stars
NA,Cisco 72-3383-01 6ft Rollover Console Cable DB9 Female To RJ45 MaleBlue,₹600,4.2 out of 5 stars
NA,Cisco SF300-24PP 24-Port 10/100 PoE Managed Switch with Gigabit Uplinks,₹35000,4.7 out of 5 stars
NA,Cisco SF300-24PP 24-Port 10/100 PoE Managed Switch with Gigabit Uplinks,₹35000,4.7 out of 5 stars
NA,Cisco Catalyst 2960X-24TS-L Ethernet Switch WS-C2960X-24TS-L,₹109000,4.2 out of 5 stars
NA,Cisco Catalyst 2960X-24TS-L Ethernet Switch WS-C2960X-24TS-L,₹109000,4.2 out of 5 stars
NA,CISCO WS-C3850-24T-S STACKABLE 24 10/100/1000 ETHERNET PORTS WITH 350WAC POWER SUPPLY 1 RU,₹155000,NA
NA,CISCO WS-C3850-24T-S STACKABLE 24 10/100/1000 ETHERNET PORTS WITH 350WAC POWER SUPPLY 1 RU,₹155000,NA
NA,Cisco Business CBS110-8T-D Unmanaged Switch | 8 Port GE | Desktop | Ext PS | Limited Lifetime Protection (CBS110-8T-D),₹7290,4.7 out of 5 stars
NA,Cisco Business CBS110-8T-D Unmanaged Switch | 8 Port GE | Desktop | Ext PS | Limited Lifetime Protection (CBS110-8T-D),₹7290,4.7 out of 5 stars
NA,Cisco GLC-T Fiber to Copper SFP Sealed in Packaging,₹2300,3.7 out of 5 stars
NA,Cisco GLC-T Fiber to Copper SFP Sealed in Packaging,₹2300,3.7 out of 5 stars
NA,Cisco Sg350-28P 28-Port Gigabit PoE Managed Switch (SG35028PK9NA),₹47000,4.3 out of 5 stars
NA,Cisco Sg350-28P 28-Port Gigabit PoE Managed Switch (SG35028PK9NA),₹47000,4.3 out of 5 stars
NA,Cisco SFP-10G-SR; 10G Base-SR SFP Module,₹3551,5.0 out of 5 stars
NA,Cisco SFP-10G-SR; 10G Base-SR SFP Module,₹3551,5.0 out of 5 stars
NA,Cisco SG300-28 28-Port Gigabit Managed Switch,₹35000,3.5 out of 5 stars
NA,Cisco SG300-28 28-Port Gigabit Managed Switch,₹35000,3.5 out of 5 stars
NA,Cisco VWIC2-1MFT-T1/E1 Multiflex Trunk Voice WAN Interface Card,₹9995,5.0 out of 5 stars
NA,Cisco VWIC2-1MFT-T1/E1 Multiflex Trunk Voice WAN Interface Card,₹9995,5.0 out of 5 stars
NA,Cisco Systems Cisco Sfp Copper Twinax Cable - Twinaxial Cable - 33 Ft sfp-h10gb-acu10m -,₹14000,NA
NA,Cisco Systems Cisco Sfp Copper Twinax Cable - Twinaxial Cable - 33 Ft sfp-h10gb-acu10m -,₹14000,NA
NA,Cisco WAP150-A-K9-NA Wireless AC/N Dual Radio Network Access Point,₹20999,4.2 out of 5 stars
NA,Cisco WAP150-A-K9-NA Wireless AC/N Dual Radio Network Access Point,₹20999,4.2 out of 5 stars
NA,Cisco Catalyst WS-C2960L-24TS-LL Ethernet Switch,₹60000,5.0 out of 5 stars
NA,Cisco Catalyst WS-C2960L-24TS-LL Ethernet Switch,₹60000,5.0 out of 5 stars
NA,Cisco Catalyst WS-C2960S-24TS-S 24-port 10/100/1000 switch,₹46000,4.6 out of 5 stars
NA,Cisco Catalyst WS-C2960S-24TS-S 24-port 10/100/1000 switch,₹46000,4.6 out of 5 stars
NA,Cisco Catalyst WS-C2960S-24TS-S 24-port 10/100/1000 switch,₹46000,4.6 out of 5 stars
NA,CISCO SYSTEMS Sg250-26 26-Port Gigabit Switch (SG25026K9NA),₹64628,4.4 out of 5 stars
NA,CISCO SYSTEMS Sg250-26 26-Port Gigabit Switch (SG25026K9NA),₹64628,4.4 out of 5 stars
NA,Cisco SFP-10G-SR; 10G Base-SR SFP Module,₹3551,5.0 out of 5 stars
NA,Cisco SFP-10G-SR; 10G Base-SR SFP Module,₹3551,5.0 out of 5 stars
NA,Cisco CP-9971-C-A-K9= Cisco UC Phone 9971 Charco FD,₹20000,NA
NA,Cisco CP-9971-C-A-K9= Cisco UC Phone 9971 Charco FD,₹20000,NA
NA,Cisco Business 240AC 802.11ac 4x4 Wave 2 Access Point 2 GbE Ports - Ceiling Mount Limited Lifetime Protection (CBW240AC-B),₹31054,3.9 out of 5 stars
NA,Cisco Business 240AC 802.11ac 4x4 Wave 2 Access Point 2 GbE Ports - Ceiling Mount Limited Lifetime Protection (CBW240AC-B),₹31054,3.9 out of 5 stars
NA,CISCO SYSTEMS 8-Port PoE Gigabit Desktop Switch (SG110D08HPNA),₹35999,4.4 out of 5 stars
NA,CISCO SYSTEMS 8-Port PoE Gigabit Desktop Switch (SG110D08HPNA),₹35999,4.4 out of 5 stars
NA,Flash Card Companion (Cisco Networking Academy),NA,NA
NA,Flash Card Companion (Cisco Networking Academy),NA,NA
NA,Cisco VWIC2-1MFT-T1/E1 Multiflex Trunk Voice WAN Interface Card,₹9995,5.0 out of 5 stars
NA,Cisco VWIC2-1MFT-T1/E1 Multiflex Trunk Voice WAN Interface Card,₹9995,5.0 out of 5 stars
NA,Cisco SFP (Mini-GBIC) Transceiver Module Gigabit Ethernet (GLC-TE=),₹3000,3.5 out of 5 stars
NA,Cisco SFP (Mini-GBIC) Transceiver Module Gigabit Ethernet (GLC-TE=),₹3000,3.5 out of 5 stars
NA,Cisco Business CBS350-24T Managed Switch 24 Port GE 4x10G SFP+ Limited Lifetime Protection (CBS350-24T-4X),₹75999,4.1 out of 5 stars
NA,Cisco Business CBS350-24T Managed Switch 24 Port GE 4x10G SFP+ Limited Lifetime Protection (CBS350-24T-4X),₹75999,4.1 out of 5 stars
NA,Cisco 1000BASE-T SFP transceiver module GLC-T SFP Module for Cisco 1 Pack,₹3400,5.0 out of 5 stars
NA,Cisco 1000BASE-T SFP transceiver module GLC-T SFP Module for Cisco 1 Pack,₹3400,5.0 out of 5 stars
NA,Cisco C9115AXI-S Series Catalyst 9115 Wi-Fi 6 Access Point,₹69999,NA
NA,Cisco C9115AXI-S Series Catalyst 9115 Wi-Fi 6 Access Point,₹69999,NA
NA,Cisco RJ45-to-DB9 Console Cable for Security Camera (Blue),₹690,4.1 out of 5 stars
NA,Cisco RJ45-to-DB9 Console Cable for Security Camera (Blue),₹690,4.1 out of 5 stars
NA,Cisco ASA5505-BUN-K9 ASA 5505 Appliance with Sw 10 Uses,₹15000,4.0 out of 5 stars
NA,Cisco ASA5505-BUN-K9 ASA 5505 Appliance with Sw 10 Uses,₹15000,4.0 out of 5 stars
NA,Cisco 819G Cellular Wireless Integrated Services Router - 4G - LTE 700 LTE 1900 LTE 850 LTE 2100,NA,NA
NA,Cisco 819G Cellular Wireless Integrated Services Router - 4G - LTE 700 LTE 1900 LTE 850 LTE 2100,NA,NA
NA,Cisco Catalyst WS-C2960L-24TS-LL Ethernet Switch,₹60000,5.0 out of 5 stars
NA,Cisco Catalyst WS-C2960L-24TS-LL Ethernet Switch,₹60000,5.0 out of 5 stars
NA,Cisco Catalyst 1000-24T-4X-L Network Switch 24 Gigabit Ethernet Ports 4 10G SFP+ Uplink Ports Fanless Operation Enhanced Limited (C1000-24T-4X-L),₹97495,5.0 out of 5 stars
NA,Cisco Catalyst 1000-24T-4X-L Network Switch 24 Gigabit Ethernet Ports 4 10G SFP+ Uplink Ports Fanless Operation Enhanced Limited (C1000-24T-4X-L),₹97495,5.0 out of 5 stars
NA,Cisco Catalyst 1000-24T-4X-L Network Switch 24 Gigabit Ethernet Ports 4 10G SFP+ Uplink Ports Fanless Operation Enhanced Limited (C1000-24T-4X-L),₹97495,5.0 out of 5 stars
NA,Cisco Catalyst WS-C3560X-48PF-L 48 Port Ethernet Switch with 740 Watt PoE,₹140000,NA
NA,Cisco Catalyst WS-C3560X-48PF-L 48 Port Ethernet Switch with 740 Watt PoE,₹140000,NA
NA,Cisco Business CBS110-24T-D Unmanaged Switch | 24 Port GE | 2x1G SFP Shared | Limited Lifetime Protection (CBS110-24T-D),₹22000,5.0 out of 5 stars
NA,Cisco Business CBS110-24T-D Unmanaged Switch | 24 Port GE | 2x1G SFP Shared | Limited Lifetime Protection (CBS110-24T-D),₹22000,5.0 out of 5 stars
NA,Cisco Catalyst 1000-8FP-E-2G-L Network Switch 8 Gbe Ports 120W PoE Budget 2 1G SFP/RJ-45 Combo Ports Fanless Operation External PS Enhanced Limited (C1000-8FP-E-2G-L),₹55999,5.0 out of 5 stars
NA,Cisco Catalyst 1000-8FP-E-2G-L Network Switch 8 Gbe Ports 120W PoE Budget 2 1G SFP/RJ-45 Combo Ports Fanless Operation External PS Enhanced Limited (C1000-8FP-E-2G-L),₹55999,5.0 out of 5 stars
NA,Cisco Business CBS350-24XS Managed Switch | 24 Port 10G SFP+ | 4x10GE Shared | Limited Lifetime Hardware Warranty (CBS350-24XS-NA),₹89999,5.0 out of 5 stars
NA,Cisco Business CBS350-24XS Managed Switch | 24 Port 10G SFP+ | 4x10GE Shared | Limited Lifetime Hardware Warranty (CBS350-24XS-NA),₹89999,5.0 out of 5 stars
NA,Cisco SG100D-08P,₹16000,4.4 out of 5 stars
NA,Cisco SG100D-08P,₹16000,4.4 out of 5 stars
NA,CISCO WS-C3850-24T-S STACKABLE 24 10/100/1000 ETHERNET PORTS WITH 350WAC POWER SUPPLY 1 RU,₹155000,NA
NA,CISCO WS-C3850-24T-S STACKABLE 24 10/100/1000 ETHERNET PORTS WITH 350WAC POWER SUPPLY 1 RU,₹155000,NA
NA,CIM IP Routing Link-State Protocols (Network Simulator CD-ROM) (Cisco Interactive Mentor),NA,NA
NA,CIM IP Routing Link-State Protocols (Network Simulator CD-ROM) (Cisco Interactive Mentor),NA,NA
NA,CISCO DESIGNED Business CBS350-48T-4X Managed Switch | 48 Port GE | 4x10G SFP+ | Limited Lifetime Protection (CBS350-48T-4X),₹149000,4.3 out of 5 stars
NA,CISCO DESIGNED Business CBS350-48T-4X Managed Switch | 48 Port GE | 4x10G SFP+ | Limited Lifetime Protection (CBS350-48T-4X),₹149000,4.3 out of 5 stars
NA,Cisco CAB-CONSOLE-RJ45; Console Cable 6 Feet,₹229,4.2 out of 5 stars
NA,Cisco CAB-CONSOLE-RJ45; Console Cable 6 Feet,₹229,4.2 out of 5 stars
NA,Cisco 3900 Series Integrated Service Router CISCO3945/K9,₹115133,4.0 out of 5 stars
NA,Cisco 3900 Series Integrated Service Router CISCO3945/K9,₹115133,4.0 out of 5 stars
NA,Cisco SG350X-48 Stackable Managed Switch | 48 Gigabit Ethernet (GbE) Ports | 2 x 10G Combo + 2 x SFP+ | Limited Lifetime Protection (SG350X-48-K9-IN),₹189999,4.0 out of 5 stars
NA,Cisco SG350X-48 Stackable Managed Switch | 48 Gigabit Ethernet (GbE) Ports | 2 x 10G Combo + 2 x SFP+ | Limited Lifetime Protection (SG350X-48-K9-IN),₹189999,4.0 out of 5 stars
NA,Cisco GLC-LH-SMD; 1000Base-LX/LH SFP Transceiver,₹2500,2.9 out of 5 stars
NA,Cisco GLC-LH-SMD; 1000Base-LX/LH SFP Transceiver,₹2500,2.9 out of 5 stars
NA,Cisco SF95D-08-IN 8-Port 10/100 Desktop Unmanaged Switch,₹4000,4.2 out of 5 stars
NA,Cisco SF95D-08-IN 8-Port 10/100 Desktop Unmanaged Switch,₹4000,4.2 out of 5 stars
NA,Cisco Business CBS350-8T-E-2G Managed Switch | 8 Port GE | Ext PS | 2x1G Combo | Limited Lifetime Protection (CBS350-8T-E-2G),₹28998,5.0 out of 5 stars
NA,Cisco Business CBS350-8T-E-2G Managed Switch | 8 Port GE | Ext PS | 2x1G Combo | Limited Lifetime Protection (CBS350-8T-E-2G),₹28998,5.0 out of 5 stars
NA,Cisco Business CBS350-24FP-4G Managed Switch | 24 Port GE | Full PoE | 4x1G SFP | Limited Lifetime Protection (CBS350-24FP-4G-NA),₹110999,4.8 out of 5 stars
NA,Cisco Business CBS350-24FP-4G Managed Switch | 24 Port GE | Full PoE | 4x1G SFP | Limited Lifetime Protection (CBS350-24FP-4G-NA),₹110999,4.8 out of 5 stars
NA,CISCO SYSTEMS Sg350 10-Port Gigabit Managed Switch (SG35010K9NA),₹70582,4.5 out of 5 stars
NA,CISCO SYSTEMS Sg350 10-Port Gigabit Managed Switch (SG35010K9NA),₹70582,4.5 out of 5 stars
NA,CISCO SYSTEMS Sg350 10-Port Gigabit Managed Switch (SG35010K9NA),₹70582,4.5 out of 5 stars
NA,Cisco Business CBS350-8S-E-2G Managed Switch | 8 Port 1G SFP | 2x1G Combo | Limited Lifetime Hardware Warranty (CBS350-8S-E-2G-NA),₹69053,4.7 out of 5 stars
NA,Cisco Business CBS350-8S-E-2G Managed Switch | 8 Port 1G SFP | 2x1G Combo | Limited Lifetime Hardware Warranty (CBS350-8S-E-2G-NA),₹69053,4.7 out of 5 stars
NA,Meraki Go by Cisco | 24 Port Network Switch | Cloud Managed | [GS110-24-HW-US],₹79003,4.3 out of 5 stars
NA,Meraki Go by Cisco | 24 Port Network Switch | Cloud Managed | [GS110-24-HW-US],₹79003,4.3 out of 5 stars
NA,Cisco CP-7962G Unified IP VoIP Phone,₹6900,NA
NA,Cisco CP-7962G Unified IP VoIP Phone,₹6900,NA
NA,Cisco 8841 SIP VoIP Phone - CP-8841-3PCC-K9,₹29999,3.5 out of 5 stars
NA,Cisco 8841 SIP VoIP Phone - CP-8841-3PCC-K9,₹29999,3.5 out of 5 stars
NA,CIM Cisco Internetworking Basics (Network Simulator CD-ROM),NA,5.0 out of 5 stars
NA,CIM Cisco Internetworking Basics (Network Simulator CD-ROM),NA,5.0 out of 5 stars
NA,CISCO SYSTEMS 24 Port Ethernet Switch (SF11224NA),₹37017,5.0 out of 5 stars
NA,CISCO SYSTEMS 24 Port Ethernet Switch (SF11224NA),₹37017,5.0 out of 5 stars
NA,Cisco AIR-CT2504-15-K9 2504 WLAN Controller w/ 15 AP (AIR-CT2504-15-K9),₹78000,NA
NA,Cisco AIR-CT2504-15-K9 2504 WLAN Controller w/ 15 AP (AIR-CT2504-15-K9),₹78000,NA
NA,Cisco Secure Firewall: Firepower 1010 Appliance with FTD Software 8-Gigabit Ethernet (GbE) Ports Up to 650 Mbps Throughput 90-Day Limited Warranty (FPR1010-NGFW-K9),₹121810,3.7 out of 5 stars
NA,Cisco Secure Firewall: Firepower 1010 Appliance with FTD Software 8-Gigabit Ethernet (GbE) Ports Up to 650 Mbps Throughput 90-Day Limited Warranty (FPR1010-NGFW-K9),₹121810,3.7 out of 5 stars
NA,Cisco SG300-10PP-K9 10-Port L3 Ethernet Hub (Black),₹100640,4.2 out of 5 stars
NA,Cisco SG300-10PP-K9 10-Port L3 Ethernet Hub (Black),₹100640,4.2 out of 5 stars
NA,Cisco Business CBS110-24T-D Unmanaged Switch | 24 Port GE | 2x1G SFP Shared | Limited Lifetime Protection (CBS110-24T-D),₹22000,5.0 out of 5 stars
NA,Cisco Business CBS110-24T-D Unmanaged Switch | 24 Port GE | 2x1G SFP Shared | Limited Lifetime Protection (CBS110-24T-D),₹22000,5.0 out of 5 stars
NA,Cisco C2960S-STACK= Optional Flexstack Stacking Mod,₹45290,5.0 out of 5 stars
NA,Cisco C2960S-STACK= Optional Flexstack Stacking Mod,₹45290,5.0 out of 5 stars
NA,Cisco MGBLH1 SFP Transceiver | Gigabit Ethernet (GbE) 1000BASE-LH Mini-GBIC (MGBLH1),₹3599,3.9 out of 5 stars
NA,Cisco MGBLH1 SFP Transceiver | Gigabit Ethernet (GbE) 1000BASE-LH Mini-GBIC (MGBLH1),₹3599,3.9 out of 5 stars
NA,Cisco SF95D-08-IN 8-Port 10/100 Desktop Unmanaged Switch,₹4000,4.2 out of 5 stars
NA,Cisco SF95D-08-IN 8-Port 10/100 Desktop Unmanaged Switch,₹4000,4.2 out of 5 stars
NA,Cisco Business CBS110-24PP-D Unmanaged Switch | 24 Port GE | Partial PoE | 2x1G SFP Shared | Limited Lifetime Protection (CBS110-24PP-NA),₹7290,4.7 out of 5 stars
NA,Cisco Business CBS110-24PP-D Unmanaged Switch | 24 Port GE | Partial PoE | 2x1G SFP Shared | Limited Lifetime Protection (CBS110-24PP-NA),₹7290,4.7 out of 5 stars
NA,Cisco Business CBS350-48T-4G Managed Switch | 48 Port GE | 4x1G SFP | Limited Lifetime Protection (CBS350-48T-4G-NA),₹150438,4.3 out of 5 stars
NA,Cisco Business CBS350-48T-4G Managed Switch | 48 Port GE | 4x1G SFP | Limited Lifetime Protection (CBS350-48T-4G-NA),₹150438,4.3 out of 5 stars
NA,Cisco Business CBS350-48T-4X Managed Switch | 48 Port GE | 4x10G SFP+ | Limited Lifetime Protection (CBS350-48T-4X),₹149144,4.3 out of 5 stars
NA,Cisco Business CBS350-48T-4X Managed Switch | 48 Port GE | 4x10G SFP+ | Limited Lifetime Protection (CBS350-48T-4X),₹149144,NA
NA,Cisco Business CBS350-48T-4X Managed Switch | 48 Port GE | 4x10G SFP+ | Limited Lifetime Protection (CBS350-48T-4X),₹149144,NA
NA,CISCO SYSTEMS 16 Port Ethernet Switch (SF110D16NA),₹12921,4.3 out of 5 stars
NA,CISCO SYSTEMS 16 Port Ethernet Switch (SF110D16NA),₹12921,4.3 out of 5 stars
NA,Cisco AIR-CAP3702I-B-K9 Aironet 3700 Series Ap Networking Device,₹60944,3.7 out of 5 stars
NA,Cisco AIR-CAP3702I-B-K9 Aironet 3700 Series Ap Networking Device,₹60944,3.7 out of 5 stars
NA,Cisco Business CBS350-8S-E-2G Managed Switch | 8 Port 1G SFP | 2x1G Combo | Limited Lifetime Hardware Warranty (CBS350-8S-E-2G-NA),₹69053,4.7 out of 5 stars
NA,Cisco Business CBS350-8S-E-2G Managed Switch | 8 Port 1G SFP | 2x1G Combo | Limited Lifetime Hardware Warranty (CBS350-8S-E-2G-NA),₹69053,4.7 out of 5 stars
NA,Cisco Business CBS350-24P-4G Managed Switch | 24 Port GE | PoE | 4x1G SFP | Limited Lifetime Protection (CBS350-24P-4G-NA,₹38595,4.1 out of 5 stars
NA,Cisco Business CBS350-24P-4G Managed Switch | 24 Port GE | PoE | 4x1G SFP | Limited Lifetime Protection (CBS350-24P-4G-NA,₹38595,4.1 out of 5 stars
NA,Cisco 52-Port Gigabit Managed Switch (SG300-52P-K9),₹301056,4.3 out of 5 stars
NA,Cisco 52-Port Gigabit Managed Switch (SG300-52P-K9),₹301056,4.3 out of 5 stars
NA,CISCO SYSTEMS 8 Port Ethernet Switch (SF110D08NA),₹8999,4.5 out of 5 stars
NA,CISCO SYSTEMS 8 Port Ethernet Switch (SF110D08NA),₹8999,4.5 out of 5 stars
NA,Cisco SG250-08HP 8-Port Gigabit PoE Smart Switch,₹48654,4.6 out of 5 stars
NA,Cisco SG250-08HP 8-Port Gigabit PoE Smart Switch,₹48654,4.6 out of 5 stars
NA,Cisco Business 240AC Wi-Fi Access Point | 802.11ac | 4x4 | 2 GbE Ports | Ceiling Mount | 5 Pack Bundle | Limited Lifetime Protection (5-CBW240AC-B),₹134874,4.4 out of 5 stars
NA,Cisco Business 240AC Wi-Fi Access Point | 802.11ac | 4x4 | 2 GbE Ports | Ceiling Mount | 5 Pack Bundle | Limited Lifetime Protection (5-CBW240AC-B),₹134874,4.4 out of 5 stars
NA,TV Remote Control ASIANET/Cisco/REMTE Control for Home TV'S (White),₹249,NA
NA,TV Remote Control ASIANET/Cisco/REMTE Control for Home TV'S (White),₹249,NA
NA,Cisco Business CBS350-24XS Managed Switch | 24 Port 10G SFP+ | 4x10GE Shared | Limited Lifetime Hardware Warranty (CBS350-24XS-NA),₹89999,5.0 out of 5 stars
NA,Cisco Business CBS350-24XS Managed Switch | 24 Port 10G SFP+ | 4x10GE Shared | Limited Lifetime Hardware Warranty (CBS350-24XS-NA),₹89999,5.0 out of 5 stars
NA,Cisco CAB-CONSOLE-RJ45; Console Cable 6 Feet,₹229,4.2 out of 5 stars
NA,Cisco CAB-CONSOLE-RJ45; Console Cable 6 Feet,₹229,4.2 out of 5 stars
NA,Cisco Press Folio Ccie Prof Development,NA,NA
NA,Cisco Press Folio Ccie Prof Development,NA,NA
NA,Meraki MR16 Dual-Radio 802.11n PoE Cloud Managed Access Point,₹5851,4.5 out of 5 stars
NA,Meraki MR16 Dual-Radio 802.11n PoE Cloud Managed Access Point,₹5851,4.5 out of 5 stars
NA,Cisco Business CBS350-48P Managed Switch | 48 Port GE | PoE | 4x1G SFP | Limited Lifetime Protection (CBS350-48P-4G),₹159999,NA
NA,Cisco Business CBS350-48P Managed Switch | 48 Port GE | PoE | 4x1G SFP | Limited Lifetime Protection (CBS350-48P-4G),₹159999,NA
NA,Cisco Catalyst 1000-24FP-4G-L Network Switch 24 Gigabit Ethernet PoE+ Ports 370W PoE Budget 4 1G SFP Uplink Ports Enhanced Limited (C1000-24FP-4G-L),₹129999,NA
NA,Cisco Catalyst 1000-24FP-4G-L Network Switch 24 Gigabit Ethernet PoE+ Ports 370W PoE Budget 4 1G SFP Uplink Ports Enhanced Limited (C1000-24FP-4G-L),₹129999,NA
NA,Cisco 7942G 7900 Series IP Landline Phone,₹12133,3.7 out of 5 stars
NA,Cisco 7942G 7900 Series IP Landline Phone,₹12133,3.7 out of 5 stars
NA,Cisco 7942G 7900 Series IP Landline Phone,₹12133,3.7 out of 5 stars
NA,TV Remote Control ASIANET/Cisco/REMTE Control for Home TV'S (Black),₹249,NA
NA,TV Remote Control ASIANET/Cisco/REMTE Control for Home TV'S (Black),₹249,NA
NA,Cisco Compliant Power Supply (CP-PWR-CUBE-3),₹1300,4.1 out of 5 stars
NA,Cisco Compliant Power Supply (CP-PWR-CUBE-3),₹1300,4.1 out of 5 stars
NA,Meraki Go by Cisco | 24 Port Network Switch | Cloud Managed | [GS110-24-HW-US],₹79003,4.3 out of 5 stars
NA,Meraki Go by Cisco | 24 Port Network Switch | Cloud Managed | [GS110-24-HW-US],₹79003,4.3 out of 5 stars
NA,Cisco Networking Academy Program: CCNA Router and Switch eSIM,NA,NA
NA,Cisco Networking Academy Program: CCNA Router and Switch eSIM,NA,NA
NA,Cisco 52-Port Gigabit Managed Switch (SG300-52P-K9),₹301056,4.3 out of 5 stars
NA,Cisco 52-Port Gigabit Managed Switch (SG300-52P-K9),₹301056,4.3 out of 5 stars
NA,Cisco MGBSX1 SFP Transceiver | Gigabit Ethernet (GbE) 1000BASE-SX Mini-GBIC (MGBSX1),₹3300,4.5 out of 5 stars
NA,Cisco MGBSX1 SFP Transceiver | Gigabit Ethernet (GbE) 1000BASE-SX Mini-GBIC (MGBSX1),₹3300,4.5 out of 5 stars
NA,Meraki Go by Cisco | 8 Port Network Switch | Cloud Managed | [GS110-8-HW-US],₹44579,4.4 out of 5 stars
NA,Meraki Go by Cisco | 8 Port Network Switch | Cloud Managed | [GS110-8-HW-US],₹44579,4.4 out of 5 stars
NA,Cisco 7942G IP Phone,₹6500,3.8 out of 5 stars
NA,Cisco 7942G IP Phone,₹6500,3.8 out of 5 stars
NA,Cisco 8841 SIP VoIP Phone - CP-8841-3PCC-K9,₹29999,3.5 out of 5 stars
NA,Cisco 8841 SIP VoIP Phone - CP-8841-3PCC-K9,₹29999,3.5 out of 5 stars
NA,CISCO CP-PWR-CUBE-4= Cisco 8900/9900 Series IP Phone Power Supply CP-PWR-CUBE-4= NEW,₹2800,4.3 out of 5 stars
NA,CISCO CP-PWR-CUBE-4= Cisco 8900/9900 Series IP Phone Power Supply CP-PWR-CUBE-4= NEW,₹2800,4.3 out of 5 stars
NA,Cisco GLC-LH-SM 1000BASE-LX/LH SFP Transceiver Module,₹4150,5.0 out of 5 stars
NA,Cisco GLC-LH-SM 1000BASE-LX/LH SFP Transceiver Module,₹4150,5.0 out of 5 stars
NA,Cisco Microphone - 80 Hz to 20 kHz - Wired - 24.61 ft -34 dB - Boundary - Omni-Directional - Table Mount - Mini-Phone,₹19990,4.7 out of 5 stars
NA,Cisco Microphone - 80 Hz to 20 kHz - Wired - 24.61 ft -34 dB - Boundary - Omni-Directional - Table Mount - Mini-Phone,₹19990,4.7 out of 5 stars
NA,Cisco SG100D-08P 8-Port PoE Gigabit Desktop Switch,₹25000,4.7 out of 5 stars
NA,Cisco SG100D-08P 8-Port PoE Gigabit Desktop Switch,₹25000,4.7 out of 5 stars
NA,Cisco Secure Firewall: Firepower 1010 Appliance with FTD Software 8-Gigabit Ethernet (GbE) Ports Up to 650 Mbps Throughput 90-Day Limited Warranty (FPR1010-NGFW-K9),₹121810,3.7 out of 5 stars
NA,Cisco Secure Firewall: Firepower 1010 Appliance with FTD Software 8-Gigabit Ethernet (GbE) Ports Up to 650 Mbps Throughput 90-Day Limited Warranty (FPR1010-NGFW-K9),₹121810,3.7 out of 5 stars
NA,Cisco CISCO2811-V/K9 2811 Router Voice Bundle,₹89398,NA
NA,Cisco CISCO2811-V/K9 2811 Router Voice Bundle,₹89398,NA
NA,Cisco Catalyst 2960X-48FPD-L Ethernet Switch - 48 Ports - Manageable - 2 Layer Supported - Twisted,₹245000,5.0 out of 5 stars
NA,Cisco Catalyst 2960X-48FPD-L Ethernet Switch - 48 Ports - Manageable - 2 Layer Supported - Twisted,₹245000,5.0 out of 5 stars
NA,Cisco Catalyst 2960X-48FPD-L Ethernet Switch - 48 Ports - Manageable - 2 Layer Supported - Twisted,₹245000,5.0 out of 5 stars
NA,Cisco Business CBS350-48P-4X Managed Switch | 48 Port GE | PoE | 4x10G SFP+ | Limited Lifetime Protection (CBS350-48P-4X),₹169999,NA
NA,Cisco Business CBS350-48P-4X Managed Switch | 48 Port GE | PoE | 4x10G SFP+ | Limited Lifetime Protection (CBS350-48P-4X),₹169999,NA
NA,Cisco Business CBS220-48T-4G Smart Switch | 48 Port GE | 4x1G SFP | 3-Year Limited Hardware Warranty (CBS220-48T-4G-NA),₹79999,4.3 out of 5 stars
NA,Cisco Business CBS220-48T-4G Smart Switch | 48 Port GE | 4x1G SFP | 3-Year Limited Hardware Warranty (CBS220-48T-4G-NA),₹79999,4.3 out of 5 stars
NA,CISCO CP-PWR-CUBE-4= Cisco 8900/9900 Series IP Phone Power Supply CP-PWR-CUBE-4= NEW,₹2800,4.3 out of 5 stars
NA,CISCO CP-PWR-CUBE-4= Cisco 8900/9900 Series IP Phone Power Supply CP-PWR-CUBE-4= NEW,₹2800,4.3 out of 5 stars
NA,Cisco Headset 730Wireless Dual On- Ear Bluetooth Headset With CaseUsb-A Hd Bluetooth AdapterUsb-A&3.5Mm CablesPlatinum1-Year Limited Liability Warranty (Hs-Wl-730-Buna-P)on-ear,₹71260,4.3 out of 5 stars
NA,Cisco Headset 730Wireless Dual On- Ear Bluetooth Headset With CaseUsb-A Hd Bluetooth AdapterUsb-A&3.5Mm CablesPlatinum1-Year Limited Liability Warranty (Hs-Wl-730-Buna-P)on-ear,₹71260,4.3 out of 5 stars
NA,Cisco CVPN3002-BUN-K9 VPN3002 CVPN 3002 VPN Gateway,₹160162,NA
NA,Cisco CVPN3002-BUN-K9 VPN3002 CVPN 3002 VPN Gateway,₹160162,NA
NA,Cisco 8-Port L3 Managed Switch (SF302-08MPP-K9-NA),₹72843,4.7 out of 5 stars
NA,Cisco 8-Port L3 Managed Switch (SF302-08MPP-K9-NA),₹72843,4.7 out of 5 stars
NA,Cisco Business 140AC 802.11ac 2x2 Wave 2 Access Point 1 GbE Port- Ceiling Mount Limited Lifetime Protection (CBW140AC-B),₹18210,3.9 out of 5 stars
NA,Cisco Business 140AC 802.11ac 2x2 Wave 2 Access Point 1 GbE Port- Ceiling Mount Limited Lifetime Protection (CBW140AC-B),₹18210,3.9 out of 5 stars
NA,Cisco Catalyst 1000-24FP-4G-L Network Switch 24 Gigabit Ethernet PoE+ Ports 370W PoE Budget 4 1G SFP Uplink Ports Enhanced Limited (C1000-24FP-4G-L),₹129999,NA
NA,Cisco Catalyst 1000-24FP-4G-L Network Switch 24 Gigabit Ethernet PoE+ Ports 370W PoE Budget 4 1G SFP Uplink Ports Enhanced Limited (C1000-24FP-4G-L),₹129999,NA
NA,Cisco WS-C2960x-48TS-L,NA,4.0 out of 5 stars
NA,Cisco WS-C2960x-48TS-L,NA,4.0 out of 5 stars
NA,Cisco Business CBS110-16T-D Unmanaged Switch | 16 Port GE | Limited Lifetime Protection (CBS110-16T-D),₹7290,4.7 out of 5 stars
NA,Cisco Business CBS110-16T-D Unmanaged Switch | 16 Port GE | Limited Lifetime Protection (CBS110-16T-D),₹7290,4.7 out of 5 stars
NA,Cisco GLC-LH-SM 1000BASE-LX/LH SFP Transceiver Module,₹2201,3.6 out of 5 stars
NA,Cisco GLC-LH-SM 1000BASE-LX/LH SFP Transceiver Module,₹2201,3.6 out of 5 stars
NA,Coffee & Conversations,₹0,NA
NA,Coffee & Conversations,₹0,NA
NA,Cisco Business CBS110-8PP-D Unmanaged Switch 8 Port GE Partial PoE Desktop Ext PS Limited Lifetime Protection (CBS110-8PP-D-NA),₹7290,4.7 out of 5 stars
NA,Cisco Business CBS110-8PP-D Unmanaged Switch 8 Port GE Partial PoE Desktop Ext PS Limited Lifetime Protection (CBS110-8PP-D-NA),₹7290,4.7 out of 5 stars
NA,Cisco Business CBS250-48T-4X Smart Switch | 48 Port GE |4x10G SFP+ | Limited Lifetime Protection (CBS250-48T-4X-NA),₹183170,4.1 out of 5 stars
NA,Cisco Business CBS250-48T-4X Smart Switch | 48 Port GE |4x10G SFP+ | Limited Lifetime Protection (CBS250-48T-4X-NA),₹183170,4.1 out of 5 stars
NA,Cisco DS-X9232-256K9-32-Port 8-Gbps Advanced Fibre Channel Switching Module,₹83657,NA
NA,Cisco DS-X9232-256K9-32-Port 8-Gbps Advanced Fibre Channel Switching Module,₹83657,NA
NA,Cisco Business CBS110-8PP-D Unmanaged Switch 8 Port GE Partial PoE Desktop Ext PS Limited Lifetime Protection (CBS110-8PP-D-NA),₹7290,4.7 out of 5 stars
NA,Cisco Business CBS110-8PP-D Unmanaged Switch 8 Port GE Partial PoE Desktop Ext PS Limited Lifetime Protection (CBS110-8PP-D-NA),₹7290,4.7 out of 5 stars
NA,Cisco Business CBS110-8PP-D Unmanaged Switch 8 Port GE Partial PoE Desktop Ext PS Limited Lifetime Protection (CBS110-8PP-D-NA),₹7290,4.7 out of 5 stars
NA,Cisco Business CBS250-48T-4X Smart Switch | 48 Port GE |4x10G SFP+ | Limited Lifetime Protection (CBS250-48T-4X-NA),₹183170,4.1 out of 5 stars
NA,Cisco Business CBS250-48T-4X Smart Switch | 48 Port GE |4x10G SFP+ | Limited Lifetime Protection (CBS250-48T-4X-NA),₹183170,4.1 out of 5 stars
NA,Cisco DS-X9232-256K9-32-Port 8-Gbps Advanced Fibre Channel Switching Module,₹83657,NA
NA,Cisco DS-X9232-256K9-32-Port 8-Gbps Advanced Fibre Channel Switching Module,₹83657,NA
NA,Cisco SG300-28P 28-port Gigabit PoE Managed Switch (SRW2024P-K9-NA),₹58000,3.9 out of 5 stars
NA,Cisco SG300-28P 28-port Gigabit PoE Managed Switch (SRW2024P-K9-NA),₹58000,3.9 out of 5 stars
NA,Cisco Aironet 2702E Controller-Based - Wireless Access Point -AIR-CAP2702E-B-K9,₹60516,NA
NA,Cisco Aironet 2702E Controller-Based - Wireless Access Point -AIR-CAP2702E-B-K9,₹60516,NA
NA,Cisco Catalyst 2960X-24TS-LL Ethernet Switch - WS-C2960X-24TS-LL,NA,NA
NA,Cisco Catalyst 2960X-24TS-LL Ethernet Switch - WS-C2960X-24TS-LL,NA,NA
NA,Cisco Catalyst 1000-24P-4G-L Network Switch 24 Gigabit Ethernet (GbE) PoE+ Ports 195W PoE Budget 4 1G SFP Uplink Ports Fanless Operation Enhanced Limited (C1000-24P-4G-L),₹59395,4.0 out of 5 stars
NA,Cisco Catalyst 1000-24P-4G-L Network Switch 24 Gigabit Ethernet (GbE) PoE+ Ports 195W PoE Budget 4 1G SFP Uplink Ports Fanless Operation Enhanced Limited (C1000-24P-4G-L),₹59395,4.0 out of 5 stars
NA,Cisco C2960X-STACK-RF FlexStack-Plus - Network stacking module - - for Catalyst 2960X-24 2960X-48,₹29501,NA
NA,Cisco C2960X-STACK-RF FlexStack-Plus - Network stacking module - - for Catalyst 2960X-24 2960X-48,₹29501,NA
NA,Cisco IP Phone Cable Wall Mountable Charcoal (CP-7811-K9=),₹6500,3.5 out of 5 stars
NA,Cisco IP Phone Cable Wall Mountable Charcoal (CP-7811-K9=),₹6500,3.5 out of 5 stars
NA,AlwaysON,₹0,NA
NA,AlwaysON,₹0,NA
NA,Cisco Business CBS350-48T-4X Managed Switch | 48 Port GE | 4x10G SFP+ | Limited Lifetime Protection (CBS350-48T-4X),₹149144,NA
NA,Cisco Business CBS350-48T-4X Managed Switch | 48 Port GE | 4x10G SFP+ | Limited Lifetime Protection (CBS350-48T-4X),₹149144,NA
NA,Cisco Business CBS350-8T-E-2G Managed Switch | 8 Port GE | Ext PS | 2x1G Combo | Limited Lifetime Protection (CBS350-8T-E-2G),₹28998,5.0 out of 5 stars
NA,Cisco Business CBS350-8T-E-2G Managed Switch | 8 Port GE | Ext PS | 2x1G Combo | Limited Lifetime Protection (CBS350-8T-E-2G),₹28998,5.0 out of 5 stars
NA,Cisco C9200 Stack Kit Spare,₹145008,NA
NA,Cisco C9200 Stack Kit Spare,₹145008,NA
NA,Cisco AIR-CAP3702I-A-K9 Aironet 3702I Controller-Based Wireless Access Point 802.11 B A G n AC,₹60000,4.1 out of 5 stars
NA,Cisco AIR-CAP3702I-A-K9 Aironet 3702I Controller-Based Wireless Access Point 802.11 B A G n AC,₹60000,4.1 out of 5 stars
NA,Cisco Catalyst 6509-E Switch Chassis,₹214992,NA
NA,Cisco Catalyst 6509-E Switch Chassis,₹214992,NA
NA,Cisco Business CBS350-16T-2G Managed Switch | 16 Port GE | 2x1G SFP | Limited Lifetime Protection (CBS350-16T-2G),₹77739,4.5 out of 5 stars
NA,Cisco Business CBS350-16T-2G Managed Switch | 16 Port GE | 2x1G SFP | Limited Lifetime Protection (CBS350-16T-2G),₹77739,4.5 out of 5 stars
NA,Cisco SG200-26 Gigabit Ethernet Smart Switch with 24 10/100/1000 Ports and 2 Combo Mini-GBIC Ports (SLM2024T),₹12133,4.5 out of 5 stars
NA,Cisco SG200-26 Gigabit Ethernet Smart Switch with 24 10/100/1000 Ports and 2 Combo Mini-GBIC Ports (SLM2024T),NA,4.5 out of 5 stars
NA,Cisco SG200-26 Gigabit Ethernet Smart Switch with 24 10/100/1000 Ports and 2 Combo Mini-GBIC Ports (SLM2024T),NA,4.5 out of 5 stars
NA,Cisco 7942G 7900 Series IP Landline Phone,₹12133,3.7 out of 5 stars
NA,Cisco 7942G 7900 Series IP Landline Phone,₹12133,3.7 out of 5 stars
NA,Meraki MR16 Dual-Radio 802.11n PoE Cloud Managed Access Point,₹5851,4.5 out of 5 stars
NA,Meraki MR16 Dual-Radio 802.11n PoE Cloud Managed Access Point,₹5851,4.5 out of 5 stars
NA,CISCO SYSTEMS SF250-48HP 48-Port 10/100 PoE SWITCH (SF25048HPK9NA),₹123096,4.5 out of 5 stars
NA,CISCO SYSTEMS SF250-48HP 48-Port 10/100 PoE SWITCH (SF25048HPK9NA),₹123096,4.5 out of 5 stars
NA,CISCO SYSTEMS 24 Port Ethernet Switch (SF11024NA),₹19281,4.3 out of 5 stars
NA,CISCO SYSTEMS 24 Port Ethernet Switch (SF11024NA),₹19281,4.3 out of 5 stars
NA,Cisco Business CBS350-24P-4X Managed Switch | 24 Port GE | PoE | 4x10G SFP+ | Limited Lifetime Protection (CBS350-24P-4X),₹90000,4.1 out of 5 stars
NA,Cisco Business CBS350-24P-4X Managed Switch | 24 Port GE | PoE | 4x10G SFP+ | Limited Lifetime Protection (CBS350-24P-4X),₹90000,4.1 out of 5 stars
NA,Cisco Business CBS350-16P-2G Managed Switch | 16 Port GE | PoE | 2x1G SFP | Limited Lifetime Protection (CBS350-16P-2G-NA),₹83693,4.5 out of 5 stars
NA,Cisco Business CBS350-16P-2G Managed Switch | 16 Port GE | PoE | 2x1G SFP | Limited Lifetime Protection (CBS350-16P-2G-NA),₹83693,4.5 out of 5 stars
NA,CISCO SYSTEMS 8 Port Ethernet Switch (SF110D08NA),₹8999,4.5 out of 5 stars
NA,CISCO SYSTEMS 8 Port Ethernet Switch (SF110D08NA),₹8999,4.5 out of 5 stars
NA,CISCO SYSTEMS Sg250-26P 26-Port Gigabit Switch (SG25026PK9NA),₹64999,5.0 out of 5 stars
NA,CISCO SYSTEMS Sg250-26P 26-Port Gigabit Switch (SG25026PK9NA),₹64999,5.0 out of 5 stars
NA,Cisco HWIC-2T 2-Port Serial WAN Interface Card,₹6772,4.3 out of 5 stars
NA,Cisco HWIC-2T 2-Port Serial WAN Interface Card,₹6772,4.3 out of 5 stars
NA,CISCO SYSTEMS Sg250-26HP 26-Port Gigabit PoE SWITCH (SG25026HPK9NA),₹96886,4.2 out of 5 stars
NA,CISCO SYSTEMS Sg250-26HP 26-Port Gigabit PoE SWITCH (SG25026HPK9NA),₹96886,4.2 out of 5 stars
NA,CIM Voice Internetworking VoIP Quality of Service,NA,NA
NA,CIM Voice Internetworking VoIP Quality of Service,NA,NA
NA,Cisco SM-ES2-16-P EtherSwitch Layer 2 16 Ports POE Capable Service Module,₹161195,NA
NA,Cisco SM-ES2-16-P EtherSwitch Layer 2 16 Ports POE Capable Service Module,₹161195,NA
NA,Cisco SX350X-24F Stackable Managed Switch | 24 Ports 10 Gigabit Ethernet (GbE) | 20 Slots SFP+ | 4 x 10G Combo SFP+ | Limited Lifetime Protection (SX350X-24F-K9-IN),₹285000,NA
NA,Cisco SX350X-24F Stackable Managed Switch | 24 Ports 10 Gigabit Ethernet (GbE) | 20 Slots SFP+ | 4 x 10G Combo SFP+ | Limited Lifetime Protection (SX350X-24F-K9-IN),₹285000,NA
NA,CISCO GLC-FE-100LX Cisco 100BASE-LX SFP module for 100Mb ports 1310nm 10km over S,₹7000,NA
NA,CISCO GLC-FE-100LX Cisco 100BASE-LX SFP module for 100Mb ports 1310nm 10km over S,₹7000,NA
NA,Cisco EHWIC-4ESG-P POE 4 Port 10/100/1000 Enhanced High-Speed WAN Interface Card,₹48947,5.0 out of 5 stars
NA,Cisco EHWIC-4ESG-P POE 4 Port 10/100/1000 Enhanced High-Speed WAN Interface Card,₹48947,5.0 out of 5 stars
NA,CIM Voice Internetworking VoIP Quality of Service,₹58000,3.9 out of 5 stars
NA,CIM Voice Internetworking VoIP Quality of Service,NA,NA
NA,CIM Voice Internetworking VoIP Quality of Service,NA,NA
NA,Cisco SG300-28P 28-port Gigabit PoE Managed Switch (SRW2024P-K9-NA),₹58000,3.9 out of 5 stars
NA,Cisco SG300-28P 28-port Gigabit PoE Managed Switch (SRW2024P-K9-NA),₹58000,3.9 out of 5 stars
NA,Cisco C2960X-STACK-RF FlexStack-Plus - Network stacking module - - for Catalyst 2960X-24 2960X-48,₹29501,NA
NA,Cisco C2960X-STACK-RF FlexStack-Plus - Network stacking module - - for Catalyst 2960X-24 2960X-48,₹29501,NA
NA,Cisco Approved MEM3600-4FC - 4mb Flash Memory Card for Cisco 3600 Series(MemoryMasters),₹10575,NA
NA,Cisco Approved MEM3600-4FC - 4mb Flash Memory Card for Cisco 3600 Series(MemoryMasters),₹10575,NA
NA,Cisco SF100D-08P 8-Port 10/100 PoE Desktop Switch,₹15000,5.0 out of 5 stars
NA,Cisco SF100D-08P 8-Port 10/100 PoE Desktop Switch,₹15000,5.0 out of 5 stars
NA,Cisco Business CBS250-8T-E-2G Smart Switch | 8 Port GE Ext PS | 2x1G Combo | Limited Lifetime Protection (CBS250-8T-E-2G-NA),₹22999,4.4 out of 5 stars
NA,Cisco Business CBS250-8T-E-2G Smart Switch | 8 Port GE Ext PS | 2x1G Combo | Limited Lifetime Protection (CBS250-8T-E-2G-NA),₹22999,4.4 out of 5 stars
NA,Cisco Business CBS250-24P-4G Smart Switch | 24 Port GE | PoE | 4x1G SFP | Limited Lifetime Protection (CBS250-24P-4G),₹52000,4.4 out of 5 stars
NA,Cisco Business CBS250-24P-4G Smart Switch | 24 Port GE | PoE | 4x1G SFP | Limited Lifetime Protection (CBS250-24P-4G),₹52000,4.4 out of 5 stars
NA,Cisco Firepower 1010 ASA App,₹135315,2.9 out of 5 stars
NA,Cisco Firepower 1010 ASA App,₹135315,2.9 out of 5 stars
NA,Cisco Catalyst 3750X-24T-S - Switch - 24 Ports - Managed - Rack-mountable,₹134271,NA
NA,Cisco Catalyst 3750X-24T-S - Switch - 24 Ports - Managed - Rack-mountable,₹134271,NA
NA,Cisco SX550X-16FT Managed Stackable Switch with 16 Ports 10 Gigabit 8 Ports 10GBase-T plus 8 SFP+ slots L3 Dyamic Routing Limited Lifetime Protection (SX550X-16FT-K9-NA),₹270000,5.0 out of 5 stars
NA,Cisco SX550X-16FT Managed Stackable Switch with 16 Ports 10 Gigabit 8 Ports 10GBase-T plus 8 SFP+ slots L3 Dyamic Routing Limited Lifetime Protection (SX550X-16FT-K9-NA),₹270000,5.0 out of 5 stars
NA,Cisco IE 3000 Expansion Module 8 10/100,₹122561,NA
NA,Cisco IE 3000 Expansion Module 8 10/100,₹122561,NA
NA,CISCO SYSTEMS 24-Port PoE Gigabit Switch (SG11024HPNA),₹76017,4.5 out of 5 stars
NA,CISCO SYSTEMS 24-Port PoE Gigabit Switch (SG11024HPNA),₹76017,4.5 out of 5 stars
NA,Cisco PVDM-256K-8= Voice DSP Module,₹102602,NA
NA,Cisco PVDM-256K-8= Voice DSP Module,₹102602,NA
NA,CISCO CVR-X2-SFP10G= Andover: Cisco CVR-X2-SFP10G OneX SFP to X2 Converter Module,₹7349,NA
NA,CISCO CVR-X2-SFP10G= Andover: Cisco CVR-X2-SFP10G OneX SFP to X2 Converter Module,₹7349,NA
NA,Cisco 3560-X/3750-X Series (1RU) Rack Mount Kit 19 (C3KX-RACK-KIT-19=),₹1000,4.2 out of 5 stars
NA,Cisco 3560-X/3750-X Series (1RU) Rack Mount Kit 19 (C3KX-RACK-KIT-19=),₹1000,4.2 out of 5 stars
NA,Cisco Business CBS220-48T-4G Smart Switch | 48 Port GE | 4x1G SFP | 3-Year Limited Hardware Warranty (CBS220-48T-4G),₹79999,NA
NA,Cisco Business CBS220-48T-4G Smart Switch | 48 Port GE | 4x1G SFP | 3-Year Limited Hardware Warranty (CBS220-48T-4G),₹79999,NA
NA,Cisco Air-CT2504-5-K9; 2504 Wireless Controller,₹56000,4.0 out of 5 stars
NA,Cisco Air-CT2504-5-K9; 2504 Wireless Controller,₹56000,NA
NA,Cisco Air-CT2504-5-K9; 2504 Wireless Controller,₹56000,NA
NA,Cisco 7961G Unified IP VOIP Office Phone (Cisco CallManager Required) CP-7961G-CH1,₹8999,NA
NA,Cisco 7961G Unified IP VOIP Office Phone (Cisco CallManager Required) CP-7961G-CH1,₹8999,NA
NA,Cisco 815 Isr Na Docsis Compliant with Security,₹118642,NA
NA,Cisco 815 Isr Na Docsis Compliant with Security,₹118642,NA
NA,CISCO 1700 IP/FW Feature Pack (CD17-CH=),₹112739,NA
NA,CISCO 1700 IP/FW Feature Pack (CD17-CH=),₹112739,NA
NA,CISCO Designed Pix 501-50 3des Bundle (chassissw 50u 3des),₹126256,NA
NA,CISCO Designed Pix 501-50 3des Bundle (chassissw 50u 3des),₹126256,NA
NA,Cisco iOS Enterprise Base - Complete Package (CD384-EB=),₹99456,NA
NA,Cisco iOS Enterprise Base - Complete Package (CD384-EB=),₹99456,NA
NA,Cisco PVDM-256K-8= Voice DSP Module,₹102602,NA
NA,Cisco PVDM-256K-8= Voice DSP Module,₹102602,NA
NA,Cisco Business CBS350-24FP-4X Managed Switch | 24 Port GE | Full PoE | 4x10G SFP+ | Limited Lifetime Protection (CBS350-24FP-4X-NA),₹100000,4.0 out of 5 stars
NA,Cisco Business CBS350-24FP-4X Managed Switch | 24 Port GE | Full PoE | 4x10G SFP+ | Limited Lifetime Protection (CBS350-24FP-4X-NA),₹100000,4.0 out of 5 stars
NA,Cisco 837 ADSL Broadband Router - Router (CISCO837-S-K9-64),₹118376,NA
NA,Cisco 837 ADSL Broadband Router - Router (CISCO837-S-K9-64),₹118376,NA
NA,Cisco Business CBS350-24FP-4X Managed Switch | 24 Port GE | Full PoE | 4x10G SFP+ | Limited Lifetime Protection (CBS350-24FP-4X),₹119999,3.7 out of 5 stars
NA,Cisco Business CBS350-24FP-4X Managed Switch | 24 Port GE | Full PoE | 4x10G SFP+ | Limited Lifetime Protection (CBS350-24FP-4X),₹119999,3.7 out of 5 stars
NA,Cisco Twinax Netowork Cable SFP-H10GB-ACU7M=,₹65283,1.0 out of 5 stars
NA,Cisco Twinax Netowork Cable SFP-H10GB-ACU7M=,₹65283,1.0 out of 5 stars
NA,Cisco ASR1004-ACS= Cisco ASR1004 Accessory Kit FD,₹73299,NA
NA,Cisco ASR1004-ACS= Cisco ASR1004 Accessory Kit FD,₹73299,NA
NA,Cisco 9951-W-K9 (Camera not Included),₹68845,NA
NA,Cisco 9951-W-K9 (Camera not Included),₹68845,NA
NA,Cisco SPA-4XCT3/DS0,₹67822,NA
NA,Cisco SPA-4XCT3/DS0,₹67822,NA
NA,Cisco ASA5508-K9 Asa 5508 X with Firepower K9 Networking Device,₹65000,2.6 out of 5 stars
NA,Cisco ASA5508-K9 Asa 5508 X with Firepower K9 Networking Device,₹65000,2.6 out of 5 stars
NA,CIM Voice Internetworking Basic Voice over IP (Network Simulator CD-ROM),NA,2.0 out of 5 stars
NA,CIM Voice Internetworking Basic Voice over IP (Network Simulator CD-ROM),NA,2.0 out of 5 stars
NA,Cisco AIR-CAP3702I-D-K9,₹29000,5.0 out of 5 stars
NA,Cisco AIR-CAP3702I-D-K9,₹29000,NA
NA,Cisco AIR-CAP3702I-D-K9,₹29000,NA
NA,Cisco 8-Port L3 Managed Switch (SF302-08PP-K9-NA),₹63405,5.0 out of 5 stars
NA,Cisco 8-Port L3 Managed Switch (SF302-08PP-K9-NA),₹63405,5.0 out of 5 stars
NA,CIM Voice Internetworking Basic Voice over IP (Network Simulator CD-ROM),NA,2.0 out of 5 stars
NA,CIM Voice Internetworking Basic Voice over IP (Network Simulator CD-ROM),NA,2.0 out of 5 stars
NA,CISCO Designed Enhanced Etherswitch L2 Sm 15 Fe 1 Ge Poe,₹99500,NA
NA,CISCO Designed Enhanced Etherswitch L2 Sm 15 Fe 1 Ge Poe,₹99500,NA
NA,Cisco - WS-C6K-VTT-E= - Cisco Voltage Termination Module,₹126556,NA
NA,Cisco - WS-C6K-VTT-E= - Cisco Voltage Termination Module,₹126556,NA
NA,CISCO WS-C2960-48TC-L CISCO WS-C2960-48TC-L 48-PORT 10/1000AND 2-PORT GIGABIT DUAL-PUR,₹75000,NA
NA,CISCO WS-C2960-48TC-L CISCO WS-C2960-48TC-L 48-PORT 10/1000AND 2-PORT GIGABIT DUAL-PUR,₹75000,NA
NA,Cisco 10-Port L3 Managed Switch (SG300-10MPP-K9-NA),₹100249,4.8 out of 5 stars
NA,Cisco 10-Port L3 Managed Switch (SG300-10MPP-K9-NA),₹100249,4.8 out of 5 stars
NA,Cisco SFP-H10GB-CU1M 10GBASE-CU SFP+ Cable 1 Meter,₹8000,4.1 out of 5 stars
NA,Cisco SFP-H10GB-CU1M 10GBASE-CU SFP+ Cable 1 Meter,₹8000,4.1 out of 5 stars
NA,Cisco GLC-T (30-1410-03) Cisco Sealed LC Connector,₹2969,NA
NA,Cisco GLC-T (30-1410-03) Cisco Sealed LC Connector,₹2969,NA
NA,Cisco Meraki MX67 Advanced Security License 1 Year LIC-MX67-SEC-1YR,₹83643,5.0 out of 5 stars
NA,Cisco Meraki MX67 Advanced Security License 1 Year LIC-MX67-SEC-1YR,₹83643,5.0 out of 5 stars
NA,Cisco SX350X-24F Stackable Managed Switch | 24 Ports 10 Gigabit Ethernet (GbE) | 20 Slots SFP+ | 4 x 10G Combo SFP+ | Limited Lifetime Protection (SX350X-24F-K9-IN),₹285000,NA
NA,Cisco SX350X-24F Stackable Managed Switch | 24 Ports 10 Gigabit Ethernet (GbE) | 20 Slots SFP+ | 4 x 10G Combo SFP+ | Limited Lifetime Protection (SX350X-24F-K9-IN),₹285000,NA
NA,Cisco Systems Fasthub 400 1-Port Full-Duplex 100Bfx Uplink Module,₹101213,NA
NA,Cisco Systems Fasthub 400 1-Port Full-Duplex 100Bfx Uplink Module,₹101213,NA
NA,Cisco Business CBS350-24P-4X Managed Switch | 24 Port GE | PoE | 4x10G SFP+ | Limited Lifetime Protection (CBS350-24P-4X),₹90000,4.1 out of 5 stars
NA,Cisco Business CBS350-24P-4X Managed Switch | 24 Port GE | PoE | 4x10G SFP+ | Limited Lifetime Protection (CBS350-24P-4X),₹90000,4.1 out of 5 stars
NA,32 to 48 Mb Flash Factory Upgrade for Cisco 2600XM,₹91225,NA
NA,32 to 48 Mb Flash Factory Upgrade for Cisco 2600XM,₹91225,NA
NA,Cisco 28 Port Gigabit PoE Switch (SG300-28MP-K9),₹152125,5.0 out of 5 stars
NA,Cisco 28 Port Gigabit PoE Switch (SG300-28MP-K9),₹152125,5.0 out of 5 stars
NA,CISCO Designed Meraki MA-MNT-ANT-2 Mounting Arm for Antenna - Patch Antenna Mounts,₹32331,NA
NA,CISCO Designed Meraki MA-MNT-ANT-2 Mounting Arm for Antenna - Patch Antenna Mounts,₹32331,NA
NA,Cisco Business CBS250-24PP-4G Smart Switch | 24 Port GE | Partial PoE | 4x1G SFP | Limited Lifetime Protection (CBS250-24PP-4G),₹87075,4.4 out of 5 stars
NA,Cisco Business CBS250-24PP-4G Smart Switch | 24 Port GE | Partial PoE | 4x1G SFP | Limited Lifetime Protection (CBS250-24PP-4G),₹87075,4.4 out of 5 stars
NA,Cisco Business CBS250-24PP-4G Smart Switch | 24 Port GE | Partial PoE | 4x1G SFP | Limited Lifetime Protection (CBS250-24PP-4G),₹87075,4.4 out of 5 stars
NA,Cisco Sf350-48 48-Port 10/100 Managed Switch,₹100269,5.0 out of 5 stars
NA,Cisco Sf350-48 48-Port 10/100 Managed Switch,₹100269,5.0 out of 5 stars
NA,Cisco Compatible GLC-BX-U - 1000BASE-BX-U Bi-Directional SFP Transceiver,NA,NA
NA,Cisco Compatible GLC-BX-U - 1000BASE-BX-U Bi-Directional SFP Transceiver,NA,NA
NA,CISCO DESIGNED Business CBS220-24P-4G Smart Switch | 24 Port GE | PoE | 4x1G SFP | 3-Year Limited Hardware Warranty (CBS220-24P-4G-NA),₹94434,4.7 out of 5 stars
NA,CISCO DESIGNED Business CBS220-24P-4G Smart Switch | 24 Port GE | PoE | 4x1G SFP | 3-Year Limited Hardware Warranty (CBS220-24P-4G-NA),₹94434,4.7 out of 5 stars
NA,CCENT ICND1 100-101 Flash Cards and Exam Practice Pack,₹1800,4.0 out of 5 stars
NA,CCENT ICND1 100-101 Flash Cards and Exam Practice Pack,₹1800,4.0 out of 5 stars
NA,Cisco PVDM3-256 256-channel high-Density Voice and Video DSP Module,₹58210,NA
NA,Cisco PVDM3-256 256-channel high-Density Voice and Video DSP Module,₹58210,NA
NA,Cisco Meraki MX65W-HW MX65W Cloud Managed Security,₹136193,3.0 out of 5 stars
NA,Cisco Meraki MX65W-HW MX65W Cloud Managed Security,₹136193,3.0 out of 5 stars
NA,Cisco AIR-AP1832I-D-K9 Aironet 1830 Series,NA,1.0 out of 5 stars
NA,Cisco AIR-AP1832I-D-K9 Aironet 1830 Series,NA,1.0 out of 5 stars
NA,Cisco HWIC-4ESW-POE 4 Port POE High Speed WIC,₹83222,NA
NA,Cisco HWIC-4ESW-POE 4 Port POE High Speed WIC,₹83222,NA
NA,Cisco Hw Unified Comm IP Phone 7821 Charcoal Standard Handset 2 Line 3.5In Display Poe,₹6500,NA
NA,Cisco Hw Unified Comm IP Phone 7821 Charcoal Standard Handset 2 Line 3.5In Display Poe,₹6500,NA
NA,Cisco Catalyst 3750X-24T-S - Switch - 24 Ports - Managed - Rack-mountable,₹134271,NA
NA,Cisco Catalyst 3750X-24T-S - Switch - 24 Ports - Managed - Rack-mountable,₹134271,NA
NA,Cisco Small Business SF300-24PP - Switch - L3 - Managed - 24 x 10/100 (PoE+) + 2 x Combo Gigabit SFP + 2 x 10/100/1000 -,₹93717,5.0 out of 5 stars
NA,Cisco Small Business SF300-24PP - Switch - L3 - Managed - 24 x 10/100 (PoE+) + 2 x Combo Gigabit SFP + 2 x 10/100/1000 -,₹93717,5.0 out of 5 stars
NA,Cisco MOD1700-VPN 1700 series VPN Module,₹108545,4.0 out of 5 stars
NA,Cisco MOD1700-VPN 1700 series VPN Module,₹108545,4.0 out of 5 stars
NA,Cisco 7962G Unified IP Phone,₹7500,3.7 out of 5 stars
NA,Cisco 7962G Unified IP Phone,₹7500,3.7 out of 5 stars
NA,Cisco Business CBS250-8T-D Smart Switch | 8 Port GE | Desktop | Limited Lifetime Hardware Warranty (CBS250-8T-D-NA),₹28008,4.4 out of 5 stars
NA,Cisco Business CBS250-8T-D Smart Switch | 8 Port GE | Desktop | Limited Lifetime Hardware Warranty (CBS250-8T-D-NA),₹28008,4.4 out of 5 stars
NA,CISCO Designed Enhanced Etherswitch L2 Sm 15 Fe 1 Ge Poe,₹99500,NA
NA,CISCO Designed Enhanced Etherswitch L2 Sm 15 Fe 1 Ge Poe,₹99500,NA
NA,Cisco CISCO837-K9-64 837 ADSL Broadband Router,₹95226,4.7 out of 5 stars
NA,Cisco CISCO837-K9-64 837 ADSL Broadband Router,₹95226,NA
NA,Cisco CISCO837-K9-64 837 ADSL Broadband Router,₹95226,NA
NA,Cisco NM-HD-1V= Voice/Fax NM Network Module,₹97194,NA
NA,Cisco NM-HD-1V= Voice/Fax NM Network Module,₹97194,NA
NA,Cisco Microphone - 80 Hz to 20 kHz - Wired - 24.61 ft -34 dB - Boundary - Omni-Directional - Table Mount - Mini-Phone,₹19990,4.7 out of 5 stars
NA,Cisco Microphone - 80 Hz to 20 kHz - Wired - 24.61 ft -34 dB - Boundary - Omni-Directional - Table Mount - Mini-Phone,₹19990,4.7 out of 5 stars
NA,Cisco Catalyst 3560V2-24TS-SD - Switch - L3 - Managed - 24 x 10/100 + 2 x SFP - Rack-mountable - DC Power,₹108938,NA
NA,Cisco Catalyst 3560V2-24TS-SD - Switch - L3 - Managed - 24 x 10/100 + 2 x SFP - Rack-mountable - DC Power,₹108938,NA
NA,Cisco Catalyst 1000-8FP-2G-L Network Switch 8 Gigabit Ethernet PoE+ Ports 120W PoE Budget 2 1G SFP/RJ-45 Combo Ports Fanless Operation Enhanced Limited (C1000-8FP-2G-L),₹59999,NA
NA,Cisco Catalyst 1000-8FP-2G-L Network Switch 8 Gigabit Ethernet PoE+ Ports 120W PoE Budget 2 1G SFP/RJ-45 Combo Ports Fanless Operation Enhanced Limited (C1000-8FP-2G-L),₹59999,NA
NA,Cisco IE 3000 Expansion Module 8 10/100,₹122561,NA
NA,Cisco IE 3000 Expansion Module 8 10/100,₹122561,NA
NA,Cisco SOHO 97 - Router (CISCOSOHO97-K9-64),₹77748,NA
NA,Cisco SOHO 97 - Router (CISCOSOHO97-K9-64),₹77748,NA
NA,Cisco Business CBS350-16P-E-2G Managed Switch | 16 Port GE | PoE | Ext PS | 2x1G SFP | Limited Lifetime Protection (CBS350-16P-E-2G),₹108119,4.5 out of 5 stars
NA,Cisco Business CBS350-16P-E-2G Managed Switch | 16 Port GE | PoE | Ext PS | 2x1G SFP | Limited Lifetime Protection (CBS350-16P-E-2G),₹108119,4.5 out of 5 stars
NA,Cisco 1000BASE-LX Gigabit Ethernet SFP Module ONS-SI-GE-LX=,₹171031,NA
NA,Cisco 1000BASE-LX Gigabit Ethernet SFP Module ONS-SI-GE-LX=,₹171031,NA
NA,Cisco Business CBS250-16P-2G Smart Switch 16 Port GE PoE 2x1G SFP Limited Lifetime Protection (CBS250-16P-2G-NA),₹85192,4.4 out of 5 stars
NA,Cisco Business CBS250-16P-2G Smart Switch 16 Port GE PoE 2x1G SFP Limited Lifetime Protection (CBS250-16P-2G-NA),₹85192,4.4 out of 5 stars
NA,Cisco SM-D-ES3G-48-P= Enhcd EtherSwitch 48 PoE,₹153240,5.0 out of 5 stars
NA,Cisco SM-D-ES3G-48-P= Enhcd EtherSwitch 48 PoE,₹153240,5.0 out of 5 stars
NA,Cisco SPA-1XTENGE-XFP 1 Port 10GBE Shared Port Adapter,NA,NA
NA,Cisco SPA-1XTENGE-XFP 1 Port 10GBE Shared Port Adapter,NA,NA
NA,Cisco Business CBS250-24PP-4G Smart Switch | 24 Port GE | Partial PoE | 4x1G SFP | Limited Lifetime Protection (CBS250-24PP-4G),₹87075,4.4 out of 5 stars
NA,Cisco Business CBS250-24PP-4G Smart Switch | 24 Port GE | Partial PoE | 4x1G SFP | Limited Lifetime Protection (CBS250-24PP-4G),₹87075,4.4 out of 5 stars
NA,Cisco ASA5505-50-BUN-K9 ASA 5505 Firewall Edition Bundle Security Appliance,₹71107,5.0 out of 5 stars
NA,Cisco ASA5505-50-BUN-K9 ASA 5505 Firewall Edition Bundle Security Appliance,₹71107,5.0 out of 5 stars
NA,Cisco Sf350-48 48-Port 10/100 Managed Switch,₹100269,5.0 out of 5 stars
NA,Cisco Sf350-48 48-Port 10/100 Managed Switch,₹100269,5.0 out of 5 stars
NA,CISCO DESIGNED Business CBS220-24P-4G Smart Switch | 24 Port GE | PoE | 4x1G SFP | 3-Year Limited Hardware Warranty (CBS220-24P-4G-NA),₹94434,4.7 out of 5 stars
NA,CISCO DESIGNED Business CBS220-24P-4G Smart Switch | 24 Port GE | PoE | 4x1G SFP | 3-Year Limited Hardware Warranty (CBS220-24P-4G-NA),₹94434,4.7 out of 5 stars
NA,CCSP Flash Cards and Exam Practice Pack,₹100269,1.0 out of 5 stars
NA,CCSP Flash Cards and Exam Practice Pack,NA,1.0 out of 5 stars
NA,CCSP Flash Cards and Exam Practice Pack,NA,1.0 out of 5 stars
NA,Cisco Sf350-48 48-Port 10/100 Managed Switch,₹100269,5.0 out of 5 stars
NA,Cisco Sf350-48 48-Port 10/100 Managed Switch,₹100269,5.0 out of 5 stars
NA,Cisco Compatible GLC-BX-U - 1000BASE-BX-U Bi-Directional SFP Transceiver,NA,NA
NA,Cisco Compatible GLC-BX-U - 1000BASE-BX-U Bi-Directional SFP Transceiver,NA,NA
NA,CISCO DESIGNED Business CBS220-24P-4G Smart Switch | 24 Port GE | PoE | 4x1G SFP | 3-Year Limited Hardware Warranty (CBS220-24P-4G-NA),₹94434,4.7 out of 5 stars
NA,CISCO DESIGNED Business CBS220-24P-4G Smart Switch | 24 Port GE | PoE | 4x1G SFP | 3-Year Limited Hardware Warranty (CBS220-24P-4G-NA),₹94434,4.7 out of 5 stars
NA,Cisco PVDM3-256 256-channel high-Density Voice and Video DSP Module,₹58210,NA
NA,Cisco PVDM3-256 256-channel high-Density Voice and Video DSP Module,₹58210,NA
NA,CISCO DESIGNED Business CBS350-8FP-E-2G Managed Switch | 8 Port GE | Full PoE | Ext PS | 2x1G Combo | Limited Lifetime Protection (CBS350-8FP-E-2G),₹73536,4.5 out of 5 stars
NA,CISCO DESIGNED Business CBS350-8FP-E-2G Managed Switch | 8 Port GE | Full PoE | Ext PS | 2x1G Combo | Limited Lifetime Protection (CBS350-8FP-E-2G),₹73536,4.5 out of 5 stars
NA,Cisco Meraki MX65W-HW MX65W Cloud Managed Security,₹136193,3.0 out of 5 stars
NA,Cisco Meraki MX65W-HW MX65W Cloud Managed Security,₹136193,3.0 out of 5 stars
NA,Cisco HWIC-4ESW-POE 4 Port POE High Speed WIC,₹83222,NA
NA,Cisco HWIC-4ESW-POE 4 Port POE High Speed WIC,₹83222,NA
NA,Cisco Hw Unified Comm IP Phone 7821 Charcoal Standard Handset 2 Line 3.5In Display Poe,₹6500,NA
NA,Cisco Hw Unified Comm IP Phone 7821 Charcoal Standard Handset 2 Line 3.5In Display Poe,₹6500,NA
NA,Cisco Catalyst 3750X-24T-S - Switch - 24 Ports - Managed - Rack-mountable,₹134271,NA
NA,Cisco Catalyst 3750X-24T-S - Switch - 24 Ports - Managed - Rack-mountable,₹134271,NA
NA,Cisco Small Business SF300-24PP - Switch - L3 - Managed - 24 x 10/100 (PoE+) + 2 x Combo Gigabit SFP + 2 x 10/100/1000 -,₹93717,5.0 out of 5 stars
NA,Cisco Small Business SF300-24PP - Switch - L3 - Managed - 24 x 10/100 (PoE+) + 2 x Combo Gigabit SFP + 2 x 10/100/1000 -,₹93717,5.0 out of 5 stars
NA,Cisco MOD1700-VPN 1700 series VPN Module,₹108545,4.0 out of 5 stars
NA,Cisco MOD1700-VPN 1700 series VPN Module,₹108545,4.0 out of 5 stars
NA,Cisco 7962G Unified IP Phone,₹7500,3.7 out of 5 stars
NA,Cisco 7962G Unified IP Phone,₹7500,3.7 out of 5 stars
NA,Cisco Business CBS250-8T-D Smart Switch | 8 Port GE | Desktop | Limited Lifetime Hardware Warranty (CBS250-8T-D-NA),₹28008,4.4 out of 5 stars
NA,Cisco Business CBS250-8T-D Smart Switch | 8 Port GE | Desktop | Limited Lifetime Hardware Warranty (CBS250-8T-D-NA),₹28008,4.4 out of 5 stars
NA,CISCO Designed Enhanced Etherswitch L2 Sm 15 Fe 1 Ge Poe,₹99500,NA
NA,CISCO Designed Enhanced Etherswitch L2 Sm 15 Fe 1 Ge Poe,₹99500,NA
NA,Cisco WS-X4516-10GE Catalyst 4500 Series Supervisor Engine,₹140118,NA
NA,Cisco WS-X4516-10GE Catalyst 4500 Series Supervisor Engine,₹140118,NA
NA,Cisco Air-CT2504-5-K9; 2504 Wireless Controller,₹48000,3.9 out of 5 stars
NA,Cisco Air-CT2504-5-K9; 2504 Wireless Controller,₹48000,3.9 out of 5 stars
NA,Cisco Air-CT2504-5-K9; 2504 Wireless Controller,₹48000,3.9 out of 5 stars
NA,Cisco Business CBS250-8PP-E-2G Smart Switch 8 Port GE Partial PoE Ext PS 2x1G Combo Limited Lifetime Protection (CBS250-8PP-E-2G-NA),₹46725,4.4 out of 5 stars
NA,Cisco Business CBS250-8PP-E-2G Smart Switch 8 Port GE Partial PoE Ext PS 2x1G Combo Limited Lifetime Protection (CBS250-8PP-E-2G-NA),₹46725,4.4 out of 5 stars
NA,Cisco Catalyst 1000-48P-4G-L Network Switch 48 Gigabit Ethernet PoE+ Ports 370W PoE Budget 4 1G SFP Uplink Ports Enhanced Limited (C1000-48P-4G-L),₹119999,NA
NA,Cisco Catalyst 1000-48P-4G-L Network Switch 48 Gigabit Ethernet PoE+ Ports 370W PoE Budget 4 1G SFP Uplink Ports Enhanced Limited (C1000-48P-4G-L),₹119999,NA
NA,Cisco 5 PACK CP-PWR-CUBE-4 Power Supply (Power Lead NOT Included),₹103510,5.0 out of 5 stars
NA,Cisco 5 PACK CP-PWR-CUBE-4 Power Supply (Power Lead NOT Included),₹103510,5.0 out of 5 stars
NA,Cisco Business CBS250-8T-D Smart Switch | 8 Port GE | Desktop | Limited Lifetime Hardware Warranty (CBS250-8T-D-NA),₹28008,4.4 out of 5 stars
NA,Cisco Business CBS250-8T-D Smart Switch | 8 Port GE | Desktop | Limited Lifetime Hardware Warranty (CBS250-8T-D-NA),₹28008,4.4 out of 5 stars
NA,CCNA Flash Cards and Exam Practice Pack (CCNA Self-Study exam #640-801),NA,4.3 out of 5 stars
NA,CCNA Flash Cards and Exam Practice Pack (CCNA Self-Study exam #640-801),NA,4.3 out of 5 stars
NA,C3K-PWR-1150WAC= CISCO RPS2300 PWR SPLY 1150W AC,₹126547,NA
NA,C3K-PWR-1150WAC= CISCO RPS2300 PWR SPLY 1150W AC,₹126547,NA
NA,Cisco Rail Kit R250-SLDRAIL,₹33863,NA
NA,Cisco Rail Kit R250-SLDRAIL,₹33863,NA
NA,Cisco Systems 5.2 DBi Pillar-Mount Diversity Omni Antenna,₹30954,NA
NA,Cisco Systems 5.2 DBi Pillar-Mount Diversity Omni Antenna,₹30954,NA
NA,Cisco Headset 561 Wireless Dual On-Ear DECT Headset with Standard Base for US & Canada Charcoal 1-Year Limited Liability Warranty (CP-HS-WL-562-S-US=),₹45307,4.5 out of 5 stars
NA,Cisco Headset 561 Wireless Dual On-Ear DECT Headset with Standard Base for US & Canada Charcoal 1-Year Limited Liability Warranty (CP-HS-WL-562-S-US=),₹45307,4.5 out of 5 stars
NA,Cisco - Flash Memory Card - 512 MB - CompactFlash - for Cisco 1921 1921 4-Pair 1921 ADSL2+ 1941 2901 2911 2921 2951 3925 3945,₹3000,5.0 out of 5 stars
NA,Cisco - Flash Memory Card - 512 MB - CompactFlash - for Cisco 1921 1921 4-Pair 1921 ADSL2+ 1941 2901 2911 2921 2951 3925 3945,₹3000,5.0 out of 5 stars
NA,Cisco GLC-T SFP (mini-GBIC) transceiver module - 1000Base-T - RJ-45 - plug-in module - for Cisco 5508 Catalyst 2970G 3560 3560E 3560G 3560X,₹3500,NA
NA,Cisco GLC-T SFP (mini-GBIC) transceiver module - 1000Base-T - RJ-45 - plug-in module - for Cisco 5508 Catalyst 2970G 3560 3560E 3560G 3560X,₹3500,NA
NA,SFP-OC48-SR - Cisco Compatible - Factory New,₹12460,NA
NA,SFP-OC48-SR - Cisco Compatible - Factory New,₹12460,NA
NA,Cisco Aironet 6dBi 2.4 GHz Patch Antenna with RP-TNC Connector (AIR-ANT1729),₹12419,NA
NA,Cisco Aironet 6dBi 2.4 GHz Patch Antenna with RP-TNC Connector (AIR-ANT1729),₹12419,NA
NA,Cisco 10GBASE-CU SFP and CABLE 3 m,₹4250,4.4 out of 5 stars
NA,Cisco 10GBASE-CU SFP and CABLE 3 m,₹4250,4.4 out of 5 stars
NA,Cisco UCSC-PSU1-770W= 770W AC HOT-Plug Power Supply for 1U C-Series Rack Server,₹14500,5.0 out of 5 stars
NA,Cisco UCSC-PSU1-770W= 770W AC HOT-Plug Power Supply for 1U C-Series Rack Server,₹14500,5.0 out of 5 stars
NA,Cisco CAB-CONSOLE-RJ45; Console Cable 6 Feet,₹229,4.2 out of 5 stars
NA,Cisco CAB-CONSOLE-RJ45; Console Cable 6 Feet,₹229,4.2 out of 5 stars
NA,Cisco CAB-CONSOLE-RJ45; Console Cable 6 Feet,₹229,4.2 out of 5 stars
NA,Cisco Network Adapter - 4 Ports (IDS-4FE-INT=),₹137392,5.0 out of 5 stars
NA,Cisco Network Adapter - 4 Ports (IDS-4FE-INT=),₹137392,5.0 out of 5 stars
